file_name,line_number,exception,data
files/vial_audit/AuditTrail0_20180202_071058_SPAMI-PC.csv,ALL,"OrderedDict([('record_id', '\x0e\x0e\x0f\x0e\x11\x13\x15\x15\x11\x12\x0f\x10\x0e\x0f\x10\x0f\x0f\x10\x10\x10\x12\x11\x0f\x0f\x0f\x0f'), ('time_stamp', None), ('delta_to_utc', None), ('user_id', None), ('object_id', None), ('description', None), ('comment', None), ('check_sum', None)])",
files/vial_audit/AuditTrail0_20180206_104029_SPAMI-PC.csv,ALL,"OrderedDict([('record_id', '\x0c'), ('time_stamp', None), ('delta_to_utc', None), ('user_id', None), ('object_id', None), ('description', None), ('comment', None), ('check_sum', None)])",
files/vial_audit/AuditTrail0_20180205_130713_SPAMI-PC.csv,ALL,"OrderedDict([('record_id', '\x0f\x0e\x0e\x0f'), ('time_stamp', None), ('delta_to_utc', None), ('user_id', None), ('object_id', None), ('description', None), ('comment', None), ('check_sum', None)])",
files/vial_audit/AuditTrail0_20180206_090336_SPAMI-PC.csv,ALL,"OrderedDict([('record_id', '\x0e\x10\x0f\x11\x10\x0e\x0f\x0e'), ('time_stamp', None), ('delta_to_utc', None), ('user_id', None), ('object_id', None), ('description', None), ('comment', None), ('check_sum', None)])",
files/vial_audit/AuditTrail0_20180207_094121_SPAMI-PC.csv,ALL,"OrderedDict([('record_id', '\x0c'), ('time_stamp', None), ('delta_to_utc', None), ('user_id', None), ('object_id', None), ('description', None), ('comment', None), ('check_sum', None)])",
files/vial_audit/AuditTrail0_20180206_153528_SPAMI-PC.csv,ALL,"OrderedDict([('record_id', '\x0c\x0b'), ('time_stamp', None), ('delta_to_utc', None), ('user_id', None), ('object_id', None), ('description', None), ('comment', None), ('check_sum', None)])",
files/vial_audit/AuditTrail0_20180131_140549_SPAMI-PC.1.csv,2,time data '1/31/2018 3:05:49 PM' does not match format '%d/%m/%Y %H:%M:%S',"OrderedDict([('record_id', '0'), ('time_stamp', '1/31/2018 3:05:49 PM'), ('delta_to_utc', '-1:00'), ('user_id', 'System'), ('object_id', 'Application'), ('description', ""New log file during run of WinCC Runtime Advanced V13.00 + SP01 HF9 on HMI device SPAMI-PC. Project: 'PSP511701V18.LKD - 0' Build 329, created with WinCC Advanced V13 SP2.""), ('comment', ''), ('check_sum', 'RqtLU6')])"
files/vial_audit/AuditTrail0_20180131_140549_SPAMI-PC.1.csv,3,time data '1/31/2018 3:05:49 PM' does not match format '%d/%m/%Y %H:%M:%S',"OrderedDict([('record_id', '55714'), ('time_stamp', '1/31/2018 3:05:49 PM'), ('delta_to_utc', '-1:00'), ('user_id', 'System'), ('object_id', 'Logs'), ('description', 'Exporting a log.'), ('comment', ''), ('check_sum', 'IYwdnT')])"
files/vial_audit/AuditTrail0_20180131_140549_SPAMI-PC.1.csv,4,time data '1/31/2018 3:05:49 PM' does not match format '%d/%m/%Y %H:%M:%S',"OrderedDict([('record_id', '0'), ('time_stamp', '1/31/2018 3:05:49 PM'), ('delta_to_utc', '-1:00'), ('user_id', 'System'), ('object_id', 'Logs'), ('description', 'Log files closed.'), ('comment', ''), ('check_sum', 'hSTXXq')])"
files/vial_audit/AuditTrail0_20180131_144219_SPAMI-PC.csv,ALL,'utf-8' codec can't decode byte 0x80 in position 202: invalid start byte,
files/vial_audit/AuditTrail0_20180202_121854_SPAMI-PC.csv,ALL,"OrderedDict([('record_id', '\x0e\x0e\x0e\x0e'), ('time_stamp', None), ('delta_to_utc', None), ('user_id', None), ('object_id', None), ('description', None), ('comment', None), ('check_sum', None)])",
files/vial_audit/AuditTrail0_20180111_093029_SPAMI-PC.1.csv,2,unconverted data remains:  AM,"OrderedDict([('record_id', '0'), ('time_stamp', '1/11/2018 10:30:29 AM'), ('delta_to_utc', '-1:00'), ('user_id', 'System'), ('object_id', 'Application'), ('description', ""New log file during run of WinCC Runtime Advanced V13.00 + SP01 HF9 on HMI device SPAMI-PC. Project: 'PSP511701V16.LKD - 0' Build 230, created with WinCC Advanced V13 SP2.""), ('comment', ''), ('check_sum', 'sKI9k9')])"
files/vial_audit/AuditTrail0_20180111_093029_SPAMI-PC.1.csv,3,unconverted data remains:  AM,"OrderedDict([('record_id', '55383'), ('time_stamp', '1/11/2018 10:30:29 AM'), ('delta_to_utc', '-1:00'), ('user_id', 'System'), ('object_id', 'Logs'), ('description', 'Exporting a log.'), ('comment', ''), ('check_sum', 'jgaOXF')])"
files/vial_audit/AuditTrail0_20180111_093029_SPAMI-PC.1.csv,4,unconverted data remains:  AM,"OrderedDict([('record_id', '0'), ('time_stamp', '1/11/2018 10:30:29 AM'), ('delta_to_utc', '-1:00'), ('user_id', 'System'), ('object_id', 'Logs'), ('description', 'Log files closed.'), ('comment', ''), ('check_sum', 'DAD4yg')])"
files/vial_audit/AuditTrail0_20180206_071407_SPAMI-PC.csv,ALL,"OrderedDict([('record_id', '\x0f'), ('time_stamp', None), ('delta_to_utc', None), ('user_id', None), ('object_id', None), ('description', None), ('comment', None), ('check_sum', None)])",
files/vial_audit/AuditTrail0_20180131_134617_SPAMI-PC.csv,ALL,"OrderedDict([('record_id', '\x0e'), ('time_stamp', None), ('delta_to_utc', None), ('user_id', None), ('object_id', None), ('description', None), ('comment', None), ('check_sum', None)])",
files/vial_audit/AuditTrail0_20180202_072645_SPAMI-PC.1.csv,2,unconverted data remains:  AM,"OrderedDict([('record_id', '0'), ('time_stamp', '2/2/2018 8:26:45 AM'), ('delta_to_utc', '-1:00'), ('user_id', 'System'), ('object_id', 'Application'), ('description', ""New log file during run of WinCC Runtime Advanced V13.00 + SP01 HF9 on HMI device SPAMI-PC. Project: 'PSP511701V19.LKD - 0' Build 349, created with WinCC Advanced V13 SP2.""), ('comment', ''), ('check_sum', 'QsQYyV')])"
files/vial_audit/AuditTrail0_20180202_072645_SPAMI-PC.1.csv,3,unconverted data remains:  AM,"OrderedDict([('record_id', '56779'), ('time_stamp', '2/2/2018 8:26:45 AM'), ('delta_to_utc', '-1:00'), ('user_id', 'System'), ('object_id', 'Logs'), ('description', 'Exporting a log.'), ('comment', ''), ('check_sum', 'kMHl3B')])"
files/vial_audit/AuditTrail0_20180202_072645_SPAMI-PC.1.csv,4,unconverted data remains:  AM,"OrderedDict([('record_id', '0'), ('time_stamp', '2/2/2018 8:26:45 AM'), ('delta_to_utc', '-1:00'), ('user_id', 'System'), ('object_id', 'Logs'), ('description', 'Log files closed.'), ('comment', ''), ('check_sum', 'bEJwRt')])"
files/vial_audit/AuditTrail0_20180131_140321_SPAMI-PC.csv,ALL,"OrderedDict([('record_id', '\x0c\x0e\x0f\x11\x0f\x11\x13\x0f\x12\x11\x0f\x0f\x0e\x0f\x0f\x0f\x10\x11\x11\x12\x11\x12\x12\x11\x11\x11\x11\x16\x14\x12\x13\x11\x11\x0f\x0f\x0e'), ('time_stamp', None), ('delta_to_utc', None), ('user_id', None), ('object_id', None), ('description', None), ('comment', None), ('check_sum', None)])",
files/vial_audit/AuditTrail0_20180202_072645_SPAMI-PC.csv,ALL,"OrderedDict([('record_id', '\x0c'), ('time_stamp', None), ('delta_to_utc', None), ('user_id', None), ('object_id', None), ('description', None), ('comment', None), ('check_sum', None)])",
files/vial_audit/AuditTrail0_20180207_091418_SPAMI-PC.csv,ALL,"OrderedDict([('record_id', '\x0e\x10\x10\x15\x1a\x15\x10\x0f\x0e\x0f\x10\x0f\x0e'), ('time_stamp', None), ('delta_to_utc', None), ('user_id', None), ('object_id', None), ('description', None), ('comment', None), ('check_sum', None)])",
files/vial_audit/AuditTrail0_20180206_153531_SPAMI-PC.1.csv,ALL,"OrderedDict([('record_id', '\x0e\x0e\x0c'), ('time_stamp', None), ('delta_to_utc', None), ('user_id', None), ('object_id', None), ('description', None), ('comment', None), ('check_sum', None)])",
files/vial_audit/AuditTrail0_20180205_113106_SPAMI-PC.csv,ALL,"OrderedDict([('record_id', '\x0b\x0b\x0b\x0b\x0b\t\x0b\x0b'), ('time_stamp', None), ('delta_to_utc', None), ('user_id', None), ('object_id', None), ('description', None), ('comment', None), ('check_sum', None)])",
files/vial_audit/AuditTrail0_20180131_150017_SPAMI-PC.csv,ALL,'utf-8' codec can't decode byte 0x80 in position 639: invalid start byte,
files/vial_audit/AuditTrail0_20180202_071833_SPAMI-PC.1.csv,2,unconverted data remains:  AM,"OrderedDict([('record_id', '0'), ('time_stamp', '2/2/2018 8:18:33 AM'), ('delta_to_utc', '-1:00'), ('user_id', 'System'), ('object_id', 'Application'), ('description', ""New log file during run of WinCC Runtime Advanced V13.00 + SP01 HF9 on HMI device SPAMI-PC. Project: 'PSP511701V17.LKD - 0' Build 313, created with WinCC Advanced V13 SP2.""), ('comment', ''), ('check_sum', '1/xWrh')])"
files/vial_audit/AuditTrail0_20180202_071833_SPAMI-PC.1.csv,3,unconverted data remains:  AM,"OrderedDict([('record_id', '56633'), ('time_stamp', '2/2/2018 8:18:33 AM'), ('delta_to_utc', '-1:00'), ('user_id', 'System'), ('object_id', 'Logs'), ('description', 'Exporting a log.'), ('comment', ''), ('check_sum', 'nS4uH0')])"
files/vial_audit/AuditTrail0_20180202_071833_SPAMI-PC.1.csv,4,unconverted data remains:  AM,"OrderedDict([('record_id', '0'), ('time_stamp', '2/2/2018 8:18:34 AM'), ('delta_to_utc', '-1:00'), ('user_id', 'System'), ('object_id', 'Logs'), ('description', 'Log files closed.'), ('comment', ''), ('check_sum', 'GW/oCD')])"
files/vial_audit/AuditTrail0_20180111_093025_SPAMI-PC.csv,ALL,'utf-8' codec can't decode byte 0x81 in position 101: invalid start byte,
files/vial_audit/AuditTrail0_20180206_111121_SPAMI-PC.csv,ALL,"OrderedDict([('record_id', '\x0e'), ('time_stamp', None), ('delta_to_utc', None), ('user_id', None), ('object_id', None), ('description', None), ('comment', None), ('check_sum', None)])",
files/vial_audit/AuditTrail0_20180207_094117_SPAMI-PC.csv,ALL,"OrderedDict([('record_id', '\x0f\x0f\x0f'), ('time_stamp', None), ('delta_to_utc', None), ('user_id', None), ('object_id', None), ('description', None), ('comment', None), ('check_sum', None)])",
files/vial_audit/AuditTrail0_20180205_125205_SPAMI-PC.csv,ALL,"OrderedDict([('record_id', '\x0e\x0e\x0e\x0f\x0e'), ('time_stamp', None), ('delta_to_utc', None), ('user_id', None), ('object_id', None), ('description', None), ('comment', None), ('check_sum', None)])",
files/vial_audit/AuditTrail0_20180206_110111_SPAMI-PC.1.csv,2,unconverted data remains:  PM,"OrderedDict([('record_id', '0'), ('time_stamp', '2/6/2018 12:01:11 PM'), ('delta_to_utc', '-1:00'), ('user_id', 'System'), ('object_id', 'Application'), ('description', ""New log file during run of WinCC Runtime Advanced V13.00 + SP01 HF9 on HMI device SPAMI-PC. Project: 'PSP511701V20.LKD - 0' Build 378, created with WinCC Advanced V13 SP2.""), ('comment', ''), ('check_sum', 'zcUaTe')])"
files/vial_audit/AuditTrail0_20180206_110111_SPAMI-PC.1.csv,3,unconverted data remains:  PM,"OrderedDict([('record_id', '58922'), ('time_stamp', '2/6/2018 12:01:11 PM'), ('delta_to_utc', '-1:00'), ('user_id', 'System'), ('object_id', 'Logs'), ('description', 'Exporting a log.'), ('comment', ''), ('check_sum', 'IFfKhN')])"
files/vial_audit/AuditTrail0_20180206_110111_SPAMI-PC.1.csv,4,unconverted data remains:  PM,"OrderedDict([('record_id', '0'), ('time_stamp', '2/6/2018 12:01:11 PM'), ('delta_to_utc', '-1:00'), ('user_id', 'System'), ('object_id', 'Logs'), ('description', 'Log files closed.'), ('comment', ''), ('check_sum', 'lSqpU7')])"
files/vial_audit/AuditTrail0_20171224_121254_SPAMI-PC.1.csv,2,time data '12/24/2017 1:12:54 PM' does not match format '%d/%m/%Y %H:%M:%S',"OrderedDict([('record_id', '0'), ('time_stamp', '12/24/2017 1:12:54 PM'), ('delta_to_utc', '-1:00'), ('user_id', 'System'), ('object_id', 'Application'), ('description', ""New log file during run of WinCC Runtime Advanced V13.00 + SP01 HF9 on HMI device SPAMI-PC. Project: 'PSP511701V19.LKD - 0' Build 349, created with WinCC Advanced V13 SP2.""), ('comment', ''), ('check_sum', 'XuFt0L')])"
files/vial_audit/AuditTrail0_20171224_121254_SPAMI-PC.1.csv,3,time data '12/24/2017 1:12:54 PM' does not match format '%d/%m/%Y %H:%M:%S',"OrderedDict([('record_id', '57426'), ('time_stamp', '12/24/2017 1:12:54 PM'), ('delta_to_utc', '-1:00'), ('user_id', 'System'), ('object_id', 'Logs'), ('description', 'Exporting a log.'), ('comment', ''), ('check_sum', 'U+IgOm')])"
files/vial_audit/AuditTrail0_20171224_121254_SPAMI-PC.1.csv,4,time data '12/24/2017 1:12:54 PM' does not match format '%d/%m/%Y %H:%M:%S',"OrderedDict([('record_id', '0'), ('time_stamp', '12/24/2017 1:12:54 PM'), ('delta_to_utc', '-1:00'), ('user_id', 'System'), ('object_id', 'Logs'), ('description', 'Log files closed.'), ('comment', ''), ('check_sum', '291uz5')])"
files/vial_audit/AuditTrail0_20180131_134857_SPAMI-PC.csv,ALL,"OrderedDict([('record_id', '\x0c\x0e'), ('time_stamp', None), ('delta_to_utc', None), ('user_id', None), ('object_id', None), ('description', None), ('comment', None), ('check_sum', None)])",
files/vial_audit/AuditTrail0_20180207_091217_SPAMI-PC.1.csv,2,unconverted data remains:  AM,"OrderedDict([('record_id', '0'), ('time_stamp', '2/7/2018 10:12:17 AM'), ('delta_to_utc', '-1:00'), ('user_id', 'System'), ('object_id', 'Application'), ('description', ""New log file during run of WinCC Runtime Advanced V13.00 + SP01 HF9 on HMI device SPAMI-PC. Project: 'PSP511701V21.LKD - 0' Build 400, created with WinCC Advanced V13 SP2.""), ('comment', ''), ('check_sum', 'JU36O0')])"
files/vial_audit/AuditTrail0_20180207_091217_SPAMI-PC.1.csv,3,unconverted data remains:  AM,"OrderedDict([('record_id', '59665'), ('time_stamp', '2/7/2018 10:12:17 AM'), ('delta_to_utc', '-1:00'), ('user_id', 'System'), ('object_id', 'Logs'), ('description', 'Exporting a log.'), ('comment', ''), ('check_sum', 'vjXIJB')])"
files/vial_audit/AuditTrail0_20180207_091217_SPAMI-PC.1.csv,4,unconverted data remains:  AM,"OrderedDict([('record_id', '0'), ('time_stamp', '2/7/2018 10:12:17 AM'), ('delta_to_utc', '-1:00'), ('user_id', 'System'), ('object_id', 'Logs'), ('description', 'Log files closed.'), ('comment', ''), ('check_sum', 'hf+dTg')])"
files/vial_audit/AuditTrail0_20180131_144219_SPAMI-PC.1.csv,ALL,'utf-8' codec can't decode byte 0x80 in position 457: invalid start byte,
files/vial_audit/AuditTrail0_20180205_152108_SPAMI-PC.1.csv,2,unconverted data remains:  PM,"OrderedDict([('record_id', '0'), ('time_stamp', '2/5/2018 4:21:08 PM'), ('delta_to_utc', '-1:00'), ('user_id', 'System'), ('object_id', 'Application'), ('description', ""New log file during run of WinCC Runtime Advanced V13.00 + SP01 HF9 on HMI device SPAMI-PC. Project: 'PSP511701V20.LKD - 0' Build 378, created with WinCC Advanced V13 SP2.""), ('comment', ''), ('check_sum', 'HMmJrR')])"
files/vial_audit/AuditTrail0_20180205_152108_SPAMI-PC.1.csv,3,unconverted data remains:  PM,"OrderedDict([('record_id', '58295'), ('time_stamp', '2/5/2018 4:21:08 PM'), ('delta_to_utc', '-1:00'), ('user_id', 'System'), ('object_id', 'Logs'), ('description', 'Exporting a log.'), ('comment', ''), ('check_sum', '6PuE73')])"
files/vial_audit/AuditTrail0_20180205_152108_SPAMI-PC.1.csv,4,unconverted data remains:  PM,"OrderedDict([('record_id', '0'), ('time_stamp', '2/5/2018 4:21:08 PM'), ('delta_to_utc', '-1:00'), ('user_id', 'System'), ('object_id', 'Logs'), ('description', 'Log files closed.'), ('comment', ''), ('check_sum', 'oaocwy')])"
files/vial_audit/AuditTrail0_20180202_082121_SPAMI-PC.1.csv,ALL,line contains NUL,
files/vial_audit/AuditTrail0_20180205_095344_SPAMI-PC.csv,ALL,"OrderedDict([('record_id', '\x0e\x0e\x0e\x0e\x0f\x0e\x0f\x0f\x12\x13\x17\x13\x10\x0f\x0f\x0f\x0e\x11\x0f\x10\x10\x11\x10\x10\x10\x12\x12\x0f\x11\x10\x0f\x10\x0f\x0f\x0e'), ('time_stamp', None), ('delta_to_utc', None), ('user_id', None), ('object_id', None), ('description', None), ('comment', None), ('check_sum', None)])",
files/vial_audit/AuditTrail0_20180202_082121_SPAMI-PC.csv,ALL,"OrderedDict([('record_id', '\x0e\x0e'), ('time_stamp', None), ('delta_to_utc', None), ('user_id', None), ('object_id', None), ('description', None), ('comment', None), ('check_sum', None)])",
files/vial_audit/AuditTrail0_20180205_094920_SPAMI-PC.csv,ALL,"OrderedDict([('record_id', '\x0e\x10\x10\x0f\x10\x0f\x10\x11\x12\x10\x11\x0f\x0f\x0e\x0f\x0f\x0f'), ('time_stamp', None), ('delta_to_utc', None), ('user_id', None), ('object_id', None), ('description', None), ('comment', None), ('check_sum', None)])",
files/vial_audit/AuditTrail0_20180205_094927_SPAMI-PC.csv,2,unconverted data remains:  AM,"OrderedDict([('record_id', '0'), ('time_stamp', '2/5/2018 10:49:26 AM'), ('delta_to_utc', '-1:00'), ('user_id', 'System'), ('object_id', 'Application'), ('description', ""New log file during run of WinCC Runtime Advanced V13.00 + SP01 HF9 on HMI device SPAMI-PC. Project: 'PSP511701V20.LKD - 0' Build 370, created with WinCC Advanced V13 SP2.""), ('comment', ''), ('check_sum', 'LrGdUo')])"
files/vial_audit/AuditTrail0_20180205_094927_SPAMI-PC.csv,3,unconverted data remains:  AM,"OrderedDict([('record_id', '57784'), ('time_stamp', '2/5/2018 10:49:26 AM'), ('delta_to_utc', '-1:00'), ('user_id', 'System'), ('object_id', 'Logs'), ('description', 'Exporting a log.'), ('comment', ''), ('check_sum', 'SczoZE')])"
files/vial_audit/AuditTrail0_20180205_094927_SPAMI-PC.csv,4,unconverted data remains:  AM,"OrderedDict([('record_id', '0'), ('time_stamp', '2/5/2018 10:49:27 AM'), ('delta_to_utc', '-1:00'), ('user_id', 'System'), ('object_id', 'Logs'), ('description', 'Log files closed.'), ('comment', ''), ('check_sum', 'SUarya')])"
files/vial_audit/AuditTrail0_20180131_133510_SPAMI-PC.1.csv,2,time data '1/31/2018 2:35:10 PM' does not match format '%d/%m/%Y %H:%M:%S',"OrderedDict([('record_id', '0'), ('time_stamp', '1/31/2018 2:35:10 PM'), ('delta_to_utc', '-1:00'), ('user_id', 'System'), ('object_id', 'Application'), ('description', ""New log file during run of WinCC Runtime Advanced V13.00 + SP01 HF9 on HMI device SPAMI-PC. Project: 'PSP511701V16.LKD - 0' Build 230, created with WinCC Advanced V13 SP2.""), ('comment', ''), ('check_sum', 'KJtcsT')])"
files/vial_audit/AuditTrail0_20180131_133510_SPAMI-PC.1.csv,3,time data '1/31/2018 2:35:10 PM' does not match format '%d/%m/%Y %H:%M:%S',"OrderedDict([('record_id', '55489'), ('time_stamp', '1/31/2018 2:35:10 PM'), ('delta_to_utc', '-1:00'), ('user_id', 'System'), ('object_id', 'Logs'), ('description', 'Exporting a log.'), ('comment', ''), ('check_sum', 'y7MQs6')])"
files/vial_audit/AuditTrail0_20180131_133510_SPAMI-PC.1.csv,4,time data '1/31/2018 2:35:10 PM' does not match format '%d/%m/%Y %H:%M:%S',"OrderedDict([('record_id', '0'), ('time_stamp', '1/31/2018 2:35:10 PM'), ('delta_to_utc', '-1:00'), ('user_id', 'System'), ('object_id', 'Logs'), ('description', 'Log files closed.'), ('comment', ''), ('check_sum', 'czt/9T')])"
files/vial_audit/AuditTrail0_20180207_070723_SPAMI-PC.csv,ALL,"OrderedDict([('record_id', '\x0f'), ('time_stamp', None), ('delta_to_utc', None), ('user_id', None), ('object_id', None), ('description', None), ('comment', None), ('check_sum', None)])",
files/vial_audit/AuditTrail0_20180206_154136_SPAMI-PC.csv,ALL,"OrderedDict([('record_id', '\x0e\x0e\x0b\x0c'), ('time_stamp', None), ('delta_to_utc', None), ('user_id', None), ('object_id', None), ('description', None), ('comment', None), ('check_sum', None)])",
files/vial_audit/AuditTrail0_20180201_073205_SPAMI-PC.csv,ALL,'utf-8' codec can't decode byte 0x81 in position 1023: invalid start byte,
files/vial_audit/AuditTrail0_20180131_142543_SPAMI-PC.1.csv,2,time data '1/31/2018 3:25:43 PM' does not match format '%d/%m/%Y %H:%M:%S',"OrderedDict([('record_id', '0'), ('time_stamp', '1/31/2018 3:25:43 PM'), ('delta_to_utc', '-1:00'), ('user_id', 'System'), ('object_id', 'Application'), ('description', ""New log file during run of WinCC Runtime Advanced V13.00 + SP01 HF9 on HMI device SPAMI-PC. Project: 'PSP511701V18.LKD - 0' Build 329, created with WinCC Advanced V13 SP2.""), ('comment', ''), ('check_sum', '1hkl6v')])"
files/vial_audit/AuditTrail0_20180131_142543_SPAMI-PC.1.csv,3,time data '1/31/2018 3:25:43 PM' does not match format '%d/%m/%Y %H:%M:%S',"OrderedDict([('record_id', '55761'), ('time_stamp', '1/31/2018 3:25:43 PM'), ('delta_to_utc', '-1:00'), ('user_id', 'System'), ('object_id', 'Logs'), ('description', 'Exporting a log.'), ('comment', ''), ('check_sum', 'M1D2g3')])"
files/vial_audit/AuditTrail0_20180131_142543_SPAMI-PC.1.csv,4,time data '1/31/2018 3:25:43 PM' does not match format '%d/%m/%Y %H:%M:%S',"OrderedDict([('record_id', '0'), ('time_stamp', '1/31/2018 3:25:43 PM'), ('delta_to_utc', '-1:00'), ('user_id', 'System'), ('object_id', 'Logs'), ('description', 'Log files closed.'), ('comment', ''), ('check_sum', 'Hd2yOw')])"
files/vial_audit/AuditTrail0_20180205_142001_SPAMI-PC.csv,ALL,line contains NUL,
files/vial_audit/AuditTrail0_20180131_140545_SPAMI-PC.csv,ALL,"OrderedDict([('record_id', '\x0e'), ('time_stamp', None), ('delta_to_utc', None), ('user_id', None), ('object_id', None), ('description', None), ('comment', None), ('check_sum', None)])",
files/vial_audit/AuditTrail0_20180206_154323_SPAMI-PC.csv,ALL,"OrderedDict([('record_id', '\x0e\x0e\x0f\x0f'), ('time_stamp', None), ('delta_to_utc', None), ('user_id', None), ('object_id', None), ('description', None), ('comment', None), ('check_sum', None)])",
files/vial_audit/AuditTrail0_20180202_095934_SPAMI-PC.csv,ALL,"OrderedDict([('record_id', '\x0b\x0b'), ('time_stamp', None), ('delta_to_utc', None), ('user_id', None), ('object_id', None), ('description', None), ('comment', None), ('check_sum', None)])",
files/vial_audit/AuditTrail0_20171224_121234_SPAMI-PC.csv,ALL,'utf-8' codec can't decode byte 0x82 in position 1128: invalid start byte,
files/vial_audit/AuditTrail0_20180206_153528_SPAMI-PC.1.csv,2,unconverted data remains:  PM,"OrderedDict([('record_id', '0'), ('time_stamp', '2/6/2018 4:35:28 PM'), ('delta_to_utc', '-1:00'), ('user_id', 'System'), ('object_id', 'Application'), ('description', ""New log file during run of WinCC Runtime Advanced V13.00 + SP01 HF9 on HMI device SPAMI-PC. Project: 'PSP511701V20.LKD - 0' Build 378, created with WinCC Advanced V13 SP2.""), ('comment', ''), ('check_sum', '4zsCWn')])"
files/vial_audit/AuditTrail0_20180206_153528_SPAMI-PC.1.csv,3,unconverted data remains:  PM,"OrderedDict([('record_id', '59440'), ('time_stamp', '2/6/2018 4:35:28 PM'), ('delta_to_utc', '-1:00'), ('user_id', 'System'), ('object_id', 'Logs'), ('description', 'Exporting a log.'), ('comment', ''), ('check_sum', '3Q/RlW')])"
files/vial_audit/AuditTrail0_20180206_153528_SPAMI-PC.1.csv,4,unconverted data remains:  PM,"OrderedDict([('record_id', '0'), ('time_stamp', '2/6/2018 4:35:28 PM'), ('delta_to_utc', '-1:00'), ('user_id', 'System'), ('object_id', 'Logs'), ('description', 'Log files closed.'), ('comment', ''), ('check_sum', 'hO2Kcj')])"
files/vial_audit/AuditTrail0_20180201_073208_SPAMI-PC.csv,ALL,"OrderedDict([('record_id', '\x0e\x0e\x0f\x11\x10\x0f\x10\x12\x0f\x11\x13\x16\x16\x17\x14\x14\x12\x11\x12\x0f\x11\x10\x0f\x0e\x10\x10\x0f\x0f\x0f'), ('time_stamp', None), ('delta_to_utc', None), ('user_id', None), ('object_id', None), ('description', None), ('comment', None), ('check_sum', None)])",
files/vial_audit/AuditTrail0_20180206_110111_SPAMI-PC.csv,ALL,"OrderedDict([('record_id', '\x0b\x0c\x0c'), ('time_stamp', None), ('delta_to_utc', None), ('user_id', None), ('object_id', None), ('description', None), ('comment', None), ('check_sum', None)])",
files/vial_audit/AuditTrail0_20180202_095645_SPAMI-PC.csv,ALL,"OrderedDict([('record_id', '\x0f\x10\x11\x0e'), ('time_stamp', None), ('delta_to_utc', None), ('user_id', None), ('object_id', None), ('description', None), ('comment', None), ('check_sum', None)])",
files/vial_audit/AuditTrail0_20180111_093029_SPAMI-PC.csv,ALL,'utf-8' codec can't decode byte 0x81 in position 1509: invalid start byte,
files/vial_audit/AuditTrail0_20180131_150608_SPAMI-PC.csv,ALL,'utf-8' codec can't decode byte 0x82 in position 383: invalid start byte,
files/vial_audit/AuditTrail0_20180205_071630_SPAMI-PC.csv,ALL,"OrderedDict([('record_id', '\x0e\x11\x11\x12\x10\x11\x11\x10\x0f\x0f\x0f\x0e\x0c'), ('time_stamp', None), ('delta_to_utc', None), ('user_id', None), ('object_id', None), ('description', None), ('comment', None), ('check_sum', None)])",
files/vial_audit/AuditTrail0_20180201_073208_SPAMI-PC.1.csv,2,unconverted data remains:  AM,"OrderedDict([('record_id', '0'), ('time_stamp', '2/1/2018 8:32:08 AM'), ('delta_to_utc', '-1:00'), ('user_id', 'System'), ('object_id', 'Application'), ('description', ""New log file during run of WinCC Runtime Advanced V13.00 + SP01 HF9 on HMI device SPAMI-PC. Project: 'PSP511701V17.LKD - 0' Build 313, created with WinCC Advanced V13 SP2.""), ('comment', ''), ('check_sum', 'lWLg/D')])"
files/vial_audit/AuditTrail0_20180201_073208_SPAMI-PC.1.csv,3,unconverted data remains:  AM,"OrderedDict([('record_id', '56183'), ('time_stamp', '2/1/2018 8:32:08 AM'), ('delta_to_utc', '-1:00'), ('user_id', 'System'), ('object_id', 'Logs'), ('description', 'Exporting a log.'), ('comment', ''), ('check_sum', 'eTv2Jd')])"
files/vial_audit/AuditTrail0_20180201_073208_SPAMI-PC.1.csv,4,unconverted data remains:  AM,"OrderedDict([('record_id', '0'), ('time_stamp', '2/1/2018 8:32:08 AM'), ('delta_to_utc', '-1:00'), ('user_id', 'System'), ('object_id', 'Logs'), ('description', 'Log files closed.'), ('comment', ''), ('check_sum', 'cZAkg4')])"
files/vial_audit/AuditTrail0_20180206_105717_SPAMI-PC.1.csv,2,unconverted data remains:  AM,"OrderedDict([('record_id', '0'), ('time_stamp', '2/6/2018 11:57:17 AM'), ('delta_to_utc', '-1:00'), ('user_id', 'System'), ('object_id', 'Application'), ('description', ""New log file during run of WinCC Runtime Advanced V13.00 + SP01 HF9 on HMI device SPAMI-PC. Project: 'PSP511701V20.LKD - 0' Build 378, created with WinCC Advanced V13 SP2.""), ('comment', ''), ('check_sum', '/n8wou')])"
files/vial_audit/AuditTrail0_20180206_105717_SPAMI-PC.1.csv,3,unconverted data remains:  AM,"OrderedDict([('record_id', '58908'), ('time_stamp', '2/6/2018 11:57:17 AM'), ('delta_to_utc', '-1:00'), ('user_id', 'System'), ('object_id', 'Logs'), ('description', 'Exporting a log.'), ('comment', ''), ('check_sum', 'FIbEG0')])"
files/vial_audit/AuditTrail0_20180206_105717_SPAMI-PC.1.csv,4,unconverted data remains:  AM,"OrderedDict([('record_id', '0'), ('time_stamp', '2/6/2018 11:57:17 AM'), ('delta_to_utc', '-1:00'), ('user_id', 'System'), ('object_id', 'Logs'), ('description', 'Log files closed.'), ('comment', ''), ('check_sum', 'joqJVD')])"
files/vial_audit/AuditTrail0_20180202_100356_SPAMI-PC.csv,ALL,"OrderedDict([('record_id', '\x0e\x10\x0f'), ('time_stamp', None), ('delta_to_utc', None), ('user_id', None), ('object_id', None), ('description', None), ('comment', None), ('check_sum', None)])",
files/vial_audit/AuditTrail0_20180131_134857_SPAMI-PC.1.csv,2,time data '1/31/2018 2:48:57 PM' does not match format '%d/%m/%Y %H:%M:%S',"OrderedDict([('record_id', '0'), ('time_stamp', '1/31/2018 2:48:57 PM'), ('delta_to_utc', '-1:00'), ('user_id', 'System'), ('object_id', 'Application'), ('description', ""New log file during run of WinCC Runtime Advanced V13.00 + SP01 HF9 on HMI device SPAMI-PC. Project: 'PSP511701V18.LKD - 0' Build 329, created with WinCC Advanced V13 SP2.""), ('comment', ''), ('check_sum', 'RlTAdG')])"
files/vial_audit/AuditTrail0_20180131_134857_SPAMI-PC.1.csv,3,time data '1/31/2018 2:48:57 PM' does not match format '%d/%m/%Y %H:%M:%S',"OrderedDict([('record_id', '55620'), ('time_stamp', '1/31/2018 2:48:57 PM'), ('delta_to_utc', '-1:00'), ('user_id', 'System'), ('object_id', 'Logs'), ('description', 'Exporting a log.'), ('comment', ''), ('check_sum', 'F7wN8G')])"
files/vial_audit/AuditTrail0_20180131_134857_SPAMI-PC.1.csv,4,time data '1/31/2018 2:48:57 PM' does not match format '%d/%m/%Y %H:%M:%S',"OrderedDict([('record_id', '0'), ('time_stamp', '1/31/2018 2:48:57 PM'), ('delta_to_utc', '-1:00'), ('user_id', 'System'), ('object_id', 'Logs'), ('description', 'Log files closed.'), ('comment', ''), ('check_sum', 'lGp6g8')])"
files/vial_audit/AuditTrail0_20180131_145702_SPAMI-PC.1.csv,2,time data '1/31/2018 3:57:02 PM' does not match format '%d/%m/%Y %H:%M:%S',"OrderedDict([('record_id', '0'), ('time_stamp', '1/31/2018 3:57:02 PM'), ('delta_to_utc', '-1:00'), ('user_id', 'System'), ('object_id', 'Application'), ('description', ""New log file during run of WinCC Runtime Advanced V13.00 + SP01 HF9 on HMI device SPAMI-PC. Project: 'PSP511701V17.LKD - 0' Build 313, created with WinCC Advanced V13 SP2.""), ('comment', ''), ('check_sum', 'XmC2H8')])"
files/vial_audit/AuditTrail0_20180131_145702_SPAMI-PC.1.csv,3,time data '1/31/2018 3:57:02 PM' does not match format '%d/%m/%Y %H:%M:%S',"OrderedDict([('record_id', '55973'), ('time_stamp', '1/31/2018 3:57:02 PM'), ('delta_to_utc', '-1:00'), ('user_id', 'System'), ('object_id', 'Logs'), ('description', 'Exporting a log.'), ('comment', ''), ('check_sum', '2VVIAD')])"
files/vial_audit/AuditTrail0_20180131_145702_SPAMI-PC.1.csv,4,time data '1/31/2018 3:57:02 PM' does not match format '%d/%m/%Y %H:%M:%S',"OrderedDict([('record_id', '0'), ('time_stamp', '1/31/2018 3:57:02 PM'), ('delta_to_utc', '-1:00'), ('user_id', 'System'), ('object_id', 'Logs'), ('description', 'Log files closed.'), ('comment', ''), ('check_sum', '0HtoFr')])"
files/vial_audit/AuditTrail0_20180131_134334_SPAMI-PC.1.csv,2,time data '1/31/2018 2:43:34 PM' does not match format '%d/%m/%Y %H:%M:%S',"OrderedDict([('record_id', '0'), ('time_stamp', '1/31/2018 2:43:34 PM'), ('delta_to_utc', '-1:00'), ('user_id', 'System'), ('object_id', 'Application'), ('description', ""New log file during run of WinCC Runtime Advanced V13.00 + SP01 HF9 on HMI device SPAMI-PC. Project: 'PSP511701V18.LKD - 0' Build 329, created with WinCC Advanced V13 SP2.""), ('comment', ''), ('check_sum', 'IARa5r')])"
files/vial_audit/AuditTrail0_20180131_134334_SPAMI-PC.1.csv,3,time data '1/31/2018 2:43:34 PM' does not match format '%d/%m/%Y %H:%M:%S',"OrderedDict([('record_id', '55550'), ('time_stamp', '1/31/2018 2:43:34 PM'), ('delta_to_utc', '-1:00'), ('user_id', 'System'), ('object_id', 'Logs'), ('description', 'Exporting a log.'), ('comment', ''), ('check_sum', 'eQ1LyB')])"
files/vial_audit/AuditTrail0_20180131_134334_SPAMI-PC.1.csv,4,time data '1/31/2018 2:43:34 PM' does not match format '%d/%m/%Y %H:%M:%S',"OrderedDict([('record_id', '0'), ('time_stamp', '1/31/2018 2:43:34 PM'), ('delta_to_utc', '-1:00'), ('user_id', 'System'), ('object_id', 'Logs'), ('description', 'Log files closed.'), ('comment', ''), ('check_sum', 'I5sOY/')])"
files/vial_audit/AuditTrail0_20180131_141054_SPAMI-PC.1.csv,2,time data '1/31/2018 3:10:54 PM' does not match format '%d/%m/%Y %H:%M:%S',"OrderedDict([('record_id', '0'), ('time_stamp', '1/31/2018 3:10:54 PM'), ('delta_to_utc', '-1:00'), ('user_id', 'System'), ('object_id', 'Application'), ('description', ""New log file during run of WinCC Runtime Advanced V13.00 + SP01 HF9 on HMI device SPAMI-PC. Project: 'PSP511701V18.LKD - 0' Build 329, created with WinCC Advanced V13 SP2.""), ('comment', ''), ('check_sum', 'QhFz27')])"
files/vial_audit/AuditTrail0_20180131_141054_SPAMI-PC.1.csv,3,time data '1/31/2018 3:10:54 PM' does not match format '%d/%m/%Y %H:%M:%S',"OrderedDict([('record_id', '55726'), ('time_stamp', '1/31/2018 3:10:54 PM'), ('delta_to_utc', '-1:00'), ('user_id', 'System'), ('object_id', 'Logs'), ('description', 'Exporting a log.'), ('comment', ''), ('check_sum', '1fqIWo')])"
files/vial_audit/AuditTrail0_20180131_141054_SPAMI-PC.1.csv,4,time data '1/31/2018 3:10:54 PM' does not match format '%d/%m/%Y %H:%M:%S',"OrderedDict([('record_id', '0'), ('time_stamp', '1/31/2018 3:10:54 PM'), ('delta_to_utc', '-1:00'), ('user_id', 'System'), ('object_id', 'Logs'), ('description', 'Log files closed.'), ('comment', ''), ('check_sum', 'x4dHtq')])"
files/vial_audit/AuditTrail0_20180206_153531_SPAMI-PC.csv,ALL,"OrderedDict([('record_id', '\x0b\x0b\x0b\x0b'), ('time_stamp', None), ('delta_to_utc', None), ('user_id', None), ('object_id', None), ('description', None), ('comment', None), ('check_sum', None)])",
files/vial_audit/AuditTrail0_20180202_145839_SPAMI-PC.1.csv,2,unconverted data remains:  PM,"OrderedDict([('record_id', '0'), ('time_stamp', '2/2/2018 3:58:39 PM'), ('delta_to_utc', '-1:00'), ('user_id', 'System'), ('object_id', 'Application'), ('description', ""New log file during run of WinCC Runtime Advanced V13.00 + SP01 HF9 on HMI device SPAMI-PC. Project: 'PSP511701V19Test.LKD - 0' Build 366, created with WinCC Advanced V13 SP2.""), ('comment', ''), ('check_sum', 'E6dlID')])"
files/vial_audit/AuditTrail0_20180202_145839_SPAMI-PC.1.csv,3,unconverted data remains:  PM,"OrderedDict([('record_id', '57646'), ('time_stamp', '2/2/2018 3:58:39 PM'), ('delta_to_utc', '-1:00'), ('user_id', 'System'), ('object_id', 'Logs'), ('description', 'Exporting a log.'), ('comment', ''), ('check_sum', 'FU/55E')])"
files/vial_audit/AuditTrail0_20180202_145839_SPAMI-PC.1.csv,4,unconverted data remains:  PM,"OrderedDict([('record_id', '0'), ('time_stamp', '2/2/2018 3:58:39 PM'), ('delta_to_utc', '-1:00'), ('user_id', 'System'), ('object_id', 'Logs'), ('description', 'Log files closed.'), ('comment', ''), ('check_sum', 'EOiQnZ')])"
files/vial_audit/AuditTrail0_20180205_153253_SPAMI-PC.csv,ALL,"OrderedDict([('record_id', '\x0e\x10\x0c\x0e\x11\x0f\x10\x13\x12\x10\x0f\x11\x0e\x11\x14\x12\x16\x14\x17\x17\x17\x12\x13\x0e'), ('time_stamp', None), ('delta_to_utc', None), ('user_id', None), ('object_id', None), ('description', None), ('comment', None), ('check_sum', None)])",
files/vial_audit/AuditTrail0_20180207_094038_SPAMI-PC.csv,ALL,"OrderedDict([('record_id', '\x0f\x0f\x0e\x0f\x0e\x0e\x0f\x0f\x0e\x0e\x0e\x0f\x0f\x0f\x0e\x0e\x0f\x10'), ('time_stamp', None), ('delta_to_utc', None), ('user_id', None), ('object_id', None), ('description', None), ('comment', None), ('check_sum', None)])",
files/vial_audit/AuditTrail0_20180207_101833_SPAMI-PC.csv,ALL,line contains NUL,
files/vial_audit/AuditTrail0_20180206_110336_SPAMI-PC.1.csv,2,unconverted data remains:  PM,"OrderedDict([('record_id', '0'), ('time_stamp', '2/6/2018 12:03:36 PM'), ('delta_to_utc', '-1:00'), ('user_id', 'System'), ('object_id', 'Application'), ('description', ""New log file during run of WinCC Runtime Advanced V13.00 + SP01 HF9 on HMI device SPAMI-PC. Project: 'PSP511701V20.LKD - 0' Build 378, created with WinCC Advanced V13 SP2.""), ('comment', ''), ('check_sum', 'nasSzc')])"
files/vial_audit/AuditTrail0_20180206_110336_SPAMI-PC.1.csv,3,unconverted data remains:  PM,"OrderedDict([('record_id', '58934'), ('time_stamp', '2/6/2018 12:03:36 PM'), ('delta_to_utc', '-1:00'), ('user_id', 'System'), ('object_id', 'Logs'), ('description', 'Exporting a log.'), ('comment', ''), ('check_sum', '7WWPUr')])"
files/vial_audit/AuditTrail0_20180206_110336_SPAMI-PC.1.csv,4,unconverted data remains:  PM,"OrderedDict([('record_id', '0'), ('time_stamp', '2/6/2018 12:03:36 PM'), ('delta_to_utc', '-1:00'), ('user_id', 'System'), ('object_id', 'Logs'), ('description', 'Log files closed.'), ('comment', ''), ('check_sum', 'z+TS8u')])"
files/vial_audit/AuditTrail0_20180207_090837_SPAMI-PC.csv,ALL,"OrderedDict([('record_id', '\x0e\x0f\x0f\x0f\x11\x15\x15\x14\x0f\x0f\x0f\x10\x0e\x11\x10\x0f\x11\x0f\x0f\x10\x10\x0f\x0e\x0f\x0f\x0f\x0f\x11\x14\x12\x13\x12\x0e\x0e\x0e\x0e\x0f\x0f\x10\x11\x11\x16\x12\x10\x0e\x0e\x10\x11\x12\x10\x11\x0f\x0f\x0f\x0e'), ('time_stamp', None), ('delta_to_utc', None), ('user_id', None), ('object_id', None), ('description', None), ('comment', None), ('check_sum', None)])",
files/vial_audit/AuditTrail0_20180206_154204_SPAMI-PC.1.csv,2,unconverted data remains:  PM,"OrderedDict([('record_id', '0'), ('time_stamp', '2/6/2018 4:42:04 PM'), ('delta_to_utc', '-1:00'), ('user_id', 'System'), ('object_id', 'Application'), ('description', ""New log file during run of WinCC Runtime Advanced V13.00 + SP01 HF9 on HMI device SPAMI-PC. Project: 'PSP511701V21.LKD - 0' Build 400, created with WinCC Advanced V13 SP2.""), ('comment', ''), ('check_sum', 'Y6s+pw')])"
files/vial_audit/AuditTrail0_20180206_154204_SPAMI-PC.1.csv,3,unconverted data remains:  PM,"OrderedDict([('record_id', '59521'), ('time_stamp', '2/6/2018 4:42:04 PM'), ('delta_to_utc', '-1:00'), ('user_id', 'System'), ('object_id', 'Logs'), ('description', 'Exporting a log.'), ('comment', ''), ('check_sum', 'tqytAU')])"
files/vial_audit/AuditTrail0_20180206_154204_SPAMI-PC.1.csv,4,unconverted data remains:  PM,"OrderedDict([('record_id', '0'), ('time_stamp', '2/6/2018 4:42:04 PM'), ('delta_to_utc', '-1:00'), ('user_id', 'System'), ('object_id', 'Logs'), ('description', 'Log files closed.'), ('comment', ''), ('check_sum', 'Jf0yLX')])"
files/vial_audit/AuditTrail0_20180202_095645_SPAMI-PC.1.csv,2,unconverted data remains:  AM,"OrderedDict([('record_id', '0'), ('time_stamp', '2/2/2018 10:56:45 AM'), ('delta_to_utc', '-1:00'), ('user_id', 'System'), ('object_id', 'Application'), ('description', ""New log file during run of WinCC Runtime Advanced V13.00 + SP01 HF9 on HMI device SPAMI-PC. Project: 'PSP511701V19.LKD - 0' Build 349, created with WinCC Advanced V13 SP2.""), ('comment', ''), ('check_sum', 'yr2pUc')])"
files/vial_audit/AuditTrail0_20180202_095645_SPAMI-PC.1.csv,3,unconverted data remains:  AM,"OrderedDict([('record_id', '57166'), ('time_stamp', '2/2/2018 10:56:45 AM'), ('delta_to_utc', '-1:00'), ('user_id', 'System'), ('object_id', 'Logs'), ('description', 'Exporting a log.'), ('comment', ''), ('check_sum', 'JhGLxh')])"
files/vial_audit/AuditTrail0_20180202_095645_SPAMI-PC.1.csv,4,unconverted data remains:  AM,"OrderedDict([('record_id', '0'), ('time_stamp', '2/2/2018 10:56:45 AM'), ('delta_to_utc', '-1:00'), ('user_id', 'System'), ('object_id', 'Logs'), ('description', 'Log files closed.'), ('comment', ''), ('check_sum', 'QHywnP')])"
files/vial_audit/AuditTrail0_20180114_001123_SPAMI-PC.csv,ALL,'utf-8' codec can't decode byte 0x83 in position 997: invalid start byte,
files/vial_audit/AuditTrail0_20180202_072049_SPAMI-PC.csv,ALL,"OrderedDict([('record_id', '\x0e'), ('time_stamp', None), ('delta_to_utc', None), ('user_id', None), ('object_id', None), ('description', None), ('comment', None), ('check_sum', None)])",
files/vial_audit/AuditTrail0_20180114_001124_SPAMI-PC.csv,ALL,"OrderedDict([('record_id', '\x0e\x0e\x0c\x10\x14\x15\x12\x11\x11\x13\x15\x13\x0f\x10'), ('time_stamp', None), ('delta_to_utc', None), ('user_id', None), ('object_id', None), ('description', None), ('comment', None), ('check_sum', None)])",
files/vial_audit/AuditTrail0_20180206_154255_SPAMI-PC.csv,ALL,"OrderedDict([('record_id', '\x0f\x0f\x0f\x0f\x10\x11\x0e\x11\x13\x13\x10\x10\x0f\x10\x0f\x10\x0e\x0f\x0e\x10\x0e\x0f'), ('time_stamp', None), ('delta_to_utc', None), ('user_id', None), ('object_id', None), ('description', None), ('comment', None), ('check_sum', None)])",
files/vial_audit/AuditTrail0_20180201_082112_SPAMI-PC.1.csv,2,unconverted data remains:  AM,"OrderedDict([('record_id', '0'), ('time_stamp', '2/1/2018 9:21:12 AM'), ('delta_to_utc', '-1:00'), ('user_id', 'System'), ('object_id', 'Application'), ('description', ""New log file during run of WinCC Runtime Advanced V13.00 + SP01 HF9 on HMI device SPAMI-PC. Project: 'PSP511701V17.LKD - 0' Build 313, created with WinCC Advanced V13 SP2.""), ('comment', ''), ('check_sum', '+QlJVY')])"
files/vial_audit/AuditTrail0_20180201_082112_SPAMI-PC.1.csv,3,unconverted data remains:  AM,"OrderedDict([('record_id', '56231'), ('time_stamp', '2/1/2018 9:21:12 AM'), ('delta_to_utc', '-1:00'), ('user_id', 'System'), ('object_id', 'Logs'), ('description', 'Exporting a log.'), ('comment', ''), ('check_sum', 'KORw0D')])"
files/vial_audit/AuditTrail0_20180201_082112_SPAMI-PC.1.csv,4,unconverted data remains:  AM,"OrderedDict([('record_id', '0'), ('time_stamp', '2/1/2018 9:21:12 AM'), ('delta_to_utc', '-1:00'), ('user_id', 'System'), ('object_id', 'Logs'), ('description', 'Log files closed.'), ('comment', ''), ('check_sum', 'A/3qpa')])"
files/vial_audit/AuditTrail0_20180205_153253_SPAMI-PC.1.csv,ALL,"OrderedDict([('record_id', '\x0e\x0f\x0f\x0f\x11\x12\x12\x11\x11\x10\x0f\x12\x13\x11\x11\x13\x12\x13\x12\x14\x0e\x0f\x0e\x0e'), ('time_stamp', None), ('delta_to_utc', None), ('user_id', None), ('object_id', None), ('description', None), ('comment', None), ('check_sum', None)])",
files/vial_audit/AuditTrail0_20180205_130019_SPAMI-PC.csv,ALL,"OrderedDict([('record_id', '\x0f\x0f\x14\x17\x16\x16\x16\x12\x0f\x0f\x0e\x0f\x12\x0e\x0e'), ('time_stamp', None), ('delta_to_utc', None), ('user_id', None), ('object_id', None), ('description', None), ('comment', None), ('check_sum', None)])",
files/vial_audit/AuditTrail0_20180131_140549_SPAMI-PC.csv,ALL,'utf-8' codec can't decode byte 0x80 in position 200: invalid start byte,
files/vial_audit/AuditTrail0_20180206_142306_SPAMI-PC.csv,ALL,"OrderedDict([('record_id', '\x0e\x0f\x0e\x10\x11\x12\x12\x13\x13\x13\x12\x11\x10\x10\x10\x10\x0f\x10\x11\x12\x11\x14\x14\x13\x11\x10\x0f\x10\x11\x12\x11\x0f\x0f\x10\x0f\x11\x11\x10\x10\x0f'), ('time_stamp', None), ('delta_to_utc', None), ('user_id', None), ('object_id', None), ('description', None), ('comment', None), ('check_sum', None)])",
files/vial_audit/AuditTrail0_20180131_152407_SPAMI-PC.csv,ALL,"OrderedDict([('record_id', '\x0f\x0f'), ('time_stamp', None), ('delta_to_utc', None), ('user_id', None), ('object_id', None), ('description', None), ('comment', None), ('check_sum', None)])",
files/vial_audit/AuditTrail0_20180202_145839_SPAMI-PC.2.csv,2,unconverted data remains:  PM,"OrderedDict([('record_id', '0'), ('time_stamp', '2/2/2018 3:58:39 PM'), ('delta_to_utc', '-1:00'), ('user_id', 'System'), ('object_id', 'Application'), ('description', ""New log file during run of WinCC Runtime Advanced V13.00 + SP01 HF9 on HMI device SPAMI-PC. Project: 'PSP511701V19Test.LKD - 0' Build 366, created with WinCC Advanced V13 SP2.""), ('comment', ''), ('check_sum', 'E6dlID')])"
files/vial_audit/AuditTrail0_20180202_145839_SPAMI-PC.2.csv,3,unconverted data remains:  PM,"OrderedDict([('record_id', '57647'), ('time_stamp', '2/2/2018 3:58:39 PM'), ('delta_to_utc', '-1:00'), ('user_id', 'System'), ('object_id', 'Logs'), ('description', 'Exporting a log.'), ('comment', ''), ('check_sum', '+3SRtK')])"
files/vial_audit/AuditTrail0_20180202_145839_SPAMI-PC.2.csv,4,unconverted data remains:  PM,"OrderedDict([('record_id', '0'), ('time_stamp', '2/2/2018 3:58:39 PM'), ('delta_to_utc', '-1:00'), ('user_id', 'System'), ('object_id', 'Logs'), ('description', 'Log files closed.'), ('comment', ''), ('check_sum', 'Pg35sx')])"
files/vial_audit/AuditTrail0_20180207_092845_SPAMI-PC.csv,ALL,"OrderedDict([('record_id', '\x0e\x0f\x0f\x0f\x0f\x10\x0e\x0f\x0e\x0e'), ('time_stamp', None), ('delta_to_utc', None), ('user_id', None), ('object_id', None), ('description', None), ('comment', None), ('check_sum', None)])",
files/vial_audit/AuditTrail0_20180205_130312_SPAMI-PC.csv,ALL,"OrderedDict([('record_id', '\x11'), ('time_stamp', None), ('delta_to_utc', None), ('user_id', None), ('object_id', None), ('description', None), ('comment', None), ('check_sum', None)])",
files/vial_audit/AuditTrail0_20180207_092842_SPAMI-PC.csv,ALL,"OrderedDict([('record_id', '\x0e\x10'), ('time_stamp', None), ('delta_to_utc', None), ('user_id', None), ('object_id', None), ('description', None), ('comment', None), ('check_sum', None)])",
files/vial_audit/AuditTrail0_20180205_113811_SPAMI-PC.1.csv,2,unconverted data remains:  PM,"OrderedDict([('record_id', '0'), ('time_stamp', '2/5/2018 12:38:11 PM'), ('delta_to_utc', '-1:00'), ('user_id', 'System'), ('object_id', 'Application'), ('description', ""New log file during run of WinCC Runtime Advanced V13.00 + SP01 HF9 on HMI device SPAMI-PC. Project: 'PSP511701V20.LKD - 0' Build 378, created with WinCC Advanced V13 SP2.""), ('comment', ''), ('check_sum', 'FraIAv')])"
files/vial_audit/AuditTrail0_20180205_113811_SPAMI-PC.1.csv,3,unconverted data remains:  PM,"OrderedDict([('record_id', '57923'), ('time_stamp', '2/5/2018 12:38:11 PM'), ('delta_to_utc', '-1:00'), ('user_id', 'System'), ('object_id', 'Logs'), ('description', 'Exporting a log.'), ('comment', ''), ('check_sum', 'FaLmle')])"
files/vial_audit/AuditTrail0_20180205_113811_SPAMI-PC.1.csv,4,unconverted data remains:  PM,"OrderedDict([('record_id', '0'), ('time_stamp', '2/5/2018 12:38:11 PM'), ('delta_to_utc', '-1:00'), ('user_id', 'System'), ('object_id', 'Logs'), ('description', 'Log files closed.'), ('comment', ''), ('check_sum', 'rM/sg1')])"
files/vial_audit/AuditTrail0_20180205_125956_SPAMI-PC.csv,ALL,"OrderedDict([('record_id', '\x0c\x0c'), ('time_stamp', None), ('delta_to_utc', None), ('user_id', None), ('object_id', None), ('description', None), ('comment', None), ('check_sum', None)])",
files/vial_audit/AuditTrail0_20180131_144557_SPAMI-PC.1.csv,2,time data '1/31/2018 3:45:57 PM' does not match format '%d/%m/%Y %H:%M:%S',"OrderedDict([('record_id', '0'), ('time_stamp', '1/31/2018 3:45:57 PM'), ('delta_to_utc', '-1:00'), ('user_id', 'System'), ('object_id', 'Application'), ('description', ""New log file during run of WinCC Runtime Advanced V13.00 + SP01 HF9 on HMI device SPAMI-PC. Project: 'PSP511701V16.LKD - 0' Build 230, created with WinCC Advanced V13 SP2.""), ('comment', ''), ('check_sum', '86HibQ')])"
files/vial_audit/AuditTrail0_20180131_144557_SPAMI-PC.1.csv,3,time data '1/31/2018 3:45:57 PM' does not match format '%d/%m/%Y %H:%M:%S',"OrderedDict([('record_id', '55929'), ('time_stamp', '1/31/2018 3:45:57 PM'), ('delta_to_utc', '-1:00'), ('user_id', 'System'), ('object_id', 'Logs'), ('description', 'Exporting a log.'), ('comment', ''), ('check_sum', 'VuvHsU')])"
files/vial_audit/AuditTrail0_20180131_144557_SPAMI-PC.1.csv,4,time data '1/31/2018 3:45:57 PM' does not match format '%d/%m/%Y %H:%M:%S',"OrderedDict([('record_id', '0'), ('time_stamp', '1/31/2018 3:45:57 PM'), ('delta_to_utc', '-1:00'), ('user_id', 'System'), ('object_id', 'Logs'), ('description', 'Log files closed.'), ('comment', ''), ('check_sum', 'glE99Y')])"
files/vial_audit/AuditTrail0_20180205_111009_SPAMI-PC.csv,ALL,"OrderedDict([('record_id', '\x0e'), ('time_stamp', None), ('delta_to_utc', None), ('user_id', None), ('object_id', None), ('description', None), ('comment', None), ('check_sum', None)])",
files/vial_audit/AuditTrail0_20180131_133510_SPAMI-PC.csv,ALL,'utf-8' codec can't decode byte 0x81 in position 1897: invalid start byte,
files/vial_audit/AuditTrail0_20171224_121211_SPAMI-PC.csv,ALL,'utf-8' codec can't decode byte 0x82 in position 1641: invalid start byte,
files/vial_audit/AuditTrail0_20180201_083018_SPAMI-PC.1.csv,2,unconverted data remains:  AM,"OrderedDict([('record_id', '0'), ('time_stamp', '2/1/2018 9:30:18 AM'), ('delta_to_utc', '-1:00'), ('user_id', 'System'), ('object_id', 'Application'), ('description', ""New log file during run of WinCC Runtime Advanced V13.00 + SP01 HF9 on HMI device SPAMI-PC. Project: 'PSP511701V17.LKD - 0' Build 313, created with WinCC Advanced V13 SP2.""), ('comment', ''), ('check_sum', 'DUlGJs')])"
files/vial_audit/AuditTrail0_20180201_083018_SPAMI-PC.1.csv,3,unconverted data remains:  AM,"OrderedDict([('record_id', '56275'), ('time_stamp', '2/1/2018 9:30:18 AM'), ('delta_to_utc', '-1:00'), ('user_id', 'System'), ('object_id', 'Logs'), ('description', 'Exporting a log.'), ('comment', ''), ('check_sum', 'FxwMoi')])"
files/vial_audit/AuditTrail0_20180201_083018_SPAMI-PC.1.csv,4,unconverted data remains:  AM,"OrderedDict([('record_id', '0'), ('time_stamp', '2/1/2018 9:30:18 AM'), ('delta_to_utc', '-1:00'), ('user_id', 'System'), ('object_id', 'Logs'), ('description', 'Log files closed.'), ('comment', ''), ('check_sum', '9IvG+v')])"
files/vial_audit/AuditTrail0_20180202_071055_SPAMI-PC.csv,ALL,"OrderedDict([('record_id', '\x0f\x10\x10\x10\x12\x12\x15\x10\x11\x10\x10\x0f\x10\x0f\x0e\x0f'), ('time_stamp', None), ('delta_to_utc', None), ('user_id', None), ('object_id', None), ('description', None), ('comment', None), ('check_sum', None)])",
files/vial_audit/AuditTrail0_20180206_155210_SPAMI-PC.1.csv,2,unconverted data remains:  PM,"OrderedDict([('record_id', '0'), ('time_stamp', '2/6/2018 4:52:10 PM'), ('delta_to_utc', '-1:00'), ('user_id', 'System'), ('object_id', 'Application'), ('description', ""New log file during run of WinCC Runtime Advanced V13.00 + SP01 HF9 on HMI device SPAMI-PC. Project: 'PSP511701V21.LKD - 0' Build 400, created with WinCC Advanced V13 SP2.""), ('comment', ''), ('check_sum', 'fZDnEv')])"
files/vial_audit/AuditTrail0_20180206_155210_SPAMI-PC.1.csv,3,unconverted data remains:  PM,"OrderedDict([('record_id', '59558'), ('time_stamp', '2/6/2018 4:52:10 PM'), ('delta_to_utc', '-1:00'), ('user_id', 'System'), ('object_id', 'Logs'), ('description', 'Exporting a log.'), ('comment', ''), ('check_sum', '2ASTTb')])"
files/vial_audit/AuditTrail0_20180206_155210_SPAMI-PC.1.csv,4,unconverted data remains:  PM,"OrderedDict([('record_id', '0'), ('time_stamp', '2/6/2018 4:52:10 PM'), ('delta_to_utc', '-1:00'), ('user_id', 'System'), ('object_id', 'Logs'), ('description', 'Log files closed.'), ('comment', ''), ('check_sum', 'JYXFmw')])"
files/vial_audit/AuditTrail0_20180131_134334_SPAMI-PC.csv,ALL,"OrderedDict([('record_id', '\x0c'), ('time_stamp', None), ('delta_to_utc', None), ('user_id', None), ('object_id', None), ('description', None), ('comment', None), ('check_sum', None)])",
files/vial_audit/AuditTrail0_20180202_072503_SPAMI-PC.csv,ALL,"OrderedDict([('record_id', '\x0e\x10\x0f\x0c'), ('time_stamp', None), ('delta_to_utc', None), ('user_id', None), ('object_id', None), ('description', None), ('comment', None), ('check_sum', None)])",
files/vial_audit/AuditTrail0_20180201_082938_SPAMI-PC.csv,ALL,"OrderedDict([('record_id', '\x0e'), ('time_stamp', None), ('delta_to_utc', None), ('user_id', None), ('object_id', None), ('description', None), ('comment', None), ('check_sum', None)])",
files/vial_audit/AuditTrail0_20180207_074722_SPAMI-PC.csv,ALL,"OrderedDict([('record_id', '\x0f\x10\x0f\x10\x11\x12\x12\x12\x12\x11\x10\x13\x13\x12\x12\x11\x10\x10\x0e\x0f'), ('time_stamp', None), ('delta_to_utc', None), ('user_id', None), ('object_id', None), ('description', None), ('comment', None), ('check_sum', None)])",
files/vial_audit/AuditTrail0_20180207_091326_SPAMI-PC.csv,ALL,"OrderedDict([('record_id', '\x0e\x0f\x0e\x0e\x0e\x0f'), ('time_stamp', None), ('delta_to_utc', None), ('user_id', None), ('object_id', None), ('description', None), ('comment', None), ('check_sum', None)])",
files/vial_audit/AuditTrail0_20180202_150806_SPAMI-PC.csv,ALL,"OrderedDict([('record_id', '\x0e\x0c\x0c\x0b\x0b\x0b\x0b'), ('time_stamp', None), ('delta_to_utc', None), ('user_id', None), ('object_id', None), ('description', None), ('comment', None), ('check_sum', None)])",
files/vial_audit/AuditTrail0_20180201_083031_SPAMI-PC.1.csv,2,unconverted data remains:  AM,"OrderedDict([('record_id', '0'), ('time_stamp', '2/1/2018 9:30:31 AM'), ('delta_to_utc', '-1:00'), ('user_id', 'System'), ('object_id', 'Application'), ('description', ""New log file during run of WinCC Runtime Advanced V13.00 + SP01 HF9 on HMI device SPAMI-PC. Project: 'PSP511701V17.LKD - 0' Build 313, created with WinCC Advanced V13 SP2.""), ('comment', ''), ('check_sum', 'klrGjR')])"
files/vial_audit/AuditTrail0_20180201_083031_SPAMI-PC.1.csv,3,unconverted data remains:  AM,"OrderedDict([('record_id', '56281'), ('time_stamp', '2/1/2018 9:30:31 AM'), ('delta_to_utc', '-1:00'), ('user_id', 'System'), ('object_id', 'Logs'), ('description', 'Exporting a log.'), ('comment', ''), ('check_sum', 'H/FwT1')])"
files/vial_audit/AuditTrail0_20180201_083031_SPAMI-PC.1.csv,4,unconverted data remains:  AM,"OrderedDict([('record_id', '0'), ('time_stamp', '2/1/2018 9:30:31 AM'), ('delta_to_utc', '-1:00'), ('user_id', 'System'), ('object_id', 'Logs'), ('description', 'Log files closed.'), ('comment', ''), ('check_sum', 'NzDRvS')])"
files/vial_audit/AuditTrail0_20180205_113109_SPAMI-PC.csv,ALL,"OrderedDict([('record_id', '\x0e\x0e\x0e\x0f\x10\x11\x0e\x10\x0f\x11\x10\x10\x11\x0f\x10\x0f\x0f\x10\x11\x14\x15\x15\x15\x17 \x1a\x10\x0e'), ('time_stamp', None), ('delta_to_utc', None), ('user_id', None), ('object_id', None), ('description', None), ('comment', None), ('check_sum', None)])",
files/vial_audit/AuditTrail0_20180206_105256_SPAMI-PC.1.csv,2,unconverted data remains:  AM,"OrderedDict([('record_id', '0'), ('time_stamp', '2/6/2018 11:52:56 AM'), ('delta_to_utc', '-1:00'), ('user_id', 'System'), ('object_id', 'Application'), ('description', ""New log file during run of WinCC Runtime Advanced V13.00 + SP01 HF9 on HMI device SPAMI-PC. Project: 'PSP511701V20.LKD - 0' Build 378, created with WinCC Advanced V13 SP2.""), ('comment', ''), ('check_sum', 'Y77eJ+')])"
files/vial_audit/AuditTrail0_20180206_105256_SPAMI-PC.1.csv,3,unconverted data remains:  AM,"OrderedDict([('record_id', '58883'), ('time_stamp', '2/6/2018 11:52:56 AM'), ('delta_to_utc', '-1:00'), ('user_id', 'System'), ('object_id', 'Logs'), ('description', 'Exporting a log.'), ('comment', ''), ('check_sum', 'rAmVmY')])"
files/vial_audit/AuditTrail0_20180206_105256_SPAMI-PC.1.csv,4,unconverted data remains:  AM,"OrderedDict([('record_id', '0'), ('time_stamp', '2/6/2018 11:52:56 AM'), ('delta_to_utc', '-1:00'), ('user_id', 'System'), ('object_id', 'Logs'), ('description', 'Log files closed.'), ('comment', ''), ('check_sum', 'mFzCWD')])"
files/vial_audit/AuditTrail0_20180202_100400_SPAMI-PC.csv,ALL,"OrderedDict([('record_id', '\x0e\x0e\x0e'), ('time_stamp', None), ('delta_to_utc', None), ('user_id', None), ('object_id', None), ('description', None), ('comment', None), ('check_sum', None)])",
files/vial_audit/AuditTrail0_20180202_071833_SPAMI-PC.csv,ALL,"OrderedDict([('record_id', '\x0e\x0e\x0f\x10\x13\x12\x11\x11\x11\x0f\x10\x0f\x0f\x0e\x0e\x0e\x10\x10\x10\x12\x11\x10\x0f\x0f'), ('time_stamp', None), ('delta_to_utc', None), ('user_id', None), ('object_id', None), ('description', None), ('comment', None), ('check_sum', None)])",
files/vial_audit/AuditTrail0_20180202_145839_SPAMI-PC.csv,ALL,"OrderedDict([('record_id', '\x0f\x10\x10\x11\x0e\x0e\x0e\x0e\x0e\x0e\x10\x0e'), ('time_stamp', None), ('delta_to_utc', None), ('user_id', None), ('object_id', None), ('description', None), ('comment', None), ('check_sum', None)])",
files/vial_audit/AuditTrail0_20180202_150115_SPAMI-PC.csv,ALL,"OrderedDict([('record_id', '\x0e\x0e\x0e\x0f\x0f\x0e\x0f\x0f\x0f\x0f'), ('time_stamp', None), ('delta_to_utc', None), ('user_id', None), ('object_id', None), ('description', None), ('comment', None), ('check_sum', None)])",
files/vial_audit/AuditTrail0_20180206_072231_SPAMI-PC.csv,ALL,"OrderedDict([('record_id', '\x0b\x0c\x0b'), ('time_stamp', None), ('delta_to_utc', None), ('user_id', None), ('object_id', None), ('description', None), ('comment', None), ('check_sum', None)])",
files/vial_audit/AuditTrail0_20180206_104710_SPAMI-PC.csv,ALL,"OrderedDict([('record_id', '\x0c\x0e\x0c'), ('time_stamp', None), ('delta_to_utc', None), ('user_id', None), ('object_id', None), ('description', None), ('comment', None), ('check_sum', None)])",
files/vial_audit/AuditTrail0_20171224_121254_SPAMI-PC.csv,ALL,'utf-8' codec can't decode byte 0x81 in position 614: invalid start byte,
files/vial_audit/AuditTrail0_20180131_133507_SPAMI-PC.csv,ALL,'utf-8' codec can't decode byte 0x81 in position 484: invalid start byte,
files/vial_audit/AuditTrail0_20180201_085424_SPAMI-PC.csv,ALL,"OrderedDict([('record_id', '\x0e\x0e\x10\x0f\x10\x10\x13\x0f\x0f\x10\x0e'), ('time_stamp', None), ('delta_to_utc', None), ('user_id', None), ('object_id', None), ('description', None), ('comment', None), ('check_sum', None)])",
files/vial_audit/AuditTrail0_20180201_083031_SPAMI-PC.csv,ALL,line contains NUL,
files/vial_audit/AuditTrail0_20180131_144325_SPAMI-PC.1.csv,2,time data '1/31/2018 3:43:25 PM' does not match format '%d/%m/%Y %H:%M:%S',"OrderedDict([('record_id', '0'), ('time_stamp', '1/31/2018 3:43:25 PM'), ('delta_to_utc', '-1:00'), ('user_id', 'System'), ('object_id', 'Application'), ('description', ""New log file during run of WinCC Runtime Advanced V13.00 + SP01 HF9 on HMI device SPAMI-PC. Project: 'PSP511701V16.LKD - 0' Build 230, created with WinCC Advanced V13 SP2.""), ('comment', ''), ('check_sum', 'DudcOe')])"
files/vial_audit/AuditTrail0_20180131_144325_SPAMI-PC.1.csv,3,time data '1/31/2018 3:43:25 PM' does not match format '%d/%m/%Y %H:%M:%S',"OrderedDict([('record_id', '55920'), ('time_stamp', '1/31/2018 3:43:25 PM'), ('delta_to_utc', '-1:00'), ('user_id', 'System'), ('object_id', 'Logs'), ('description', 'Exporting a log.'), ('comment', ''), ('check_sum', '6Rl87X')])"
files/vial_audit/AuditTrail0_20180131_144325_SPAMI-PC.1.csv,4,time data '1/31/2018 3:43:25 PM' does not match format '%d/%m/%Y %H:%M:%S',"OrderedDict([('record_id', '0'), ('time_stamp', '1/31/2018 3:43:25 PM'), ('delta_to_utc', '-1:00'), ('user_id', 'System'), ('object_id', 'Logs'), ('description', 'Log files closed.'), ('comment', ''), ('check_sum', '+Ls1j4')])"
files/vial_audit/AuditTrail0_20180205_111009_SPAMI-PC.1.csv,2,unconverted data remains:  PM,"OrderedDict([('record_id', '0'), ('time_stamp', '2/5/2018 12:10:09 PM'), ('delta_to_utc', '-1:00'), ('user_id', 'System'), ('object_id', 'Application'), ('description', ""New log file during run of WinCC Runtime Advanced V13.00 + SP01 HF9 on HMI device SPAMI-PC. Project: 'PSP511701V20.LKD - 0' Build 370, created with WinCC Advanced V13 SP2.""), ('comment', ''), ('check_sum', 'gGVgE9')])"
files/vial_audit/AuditTrail0_20180205_111009_SPAMI-PC.1.csv,3,unconverted data remains:  PM,"OrderedDict([('record_id', '57841'), ('time_stamp', '2/5/2018 12:10:09 PM'), ('delta_to_utc', '-1:00'), ('user_id', 'System'), ('object_id', 'Logs'), ('description', 'Exporting a log.'), ('comment', ''), ('check_sum', '8tRTh8')])"
files/vial_audit/AuditTrail0_20180205_111009_SPAMI-PC.1.csv,4,unconverted data remains:  PM,"OrderedDict([('record_id', '0'), ('time_stamp', '2/5/2018 12:10:09 PM'), ('delta_to_utc', '-1:00'), ('user_id', 'System'), ('object_id', 'Logs'), ('description', 'Log files closed.'), ('comment', ''), ('check_sum', '+2ES6s')])"
files/vial_audit/AuditTrail0_20180206_090811_SPAMI-PC.csv,ALL,"OrderedDict([('record_id', '\x0e'), ('time_stamp', None), ('delta_to_utc', None), ('user_id', None), ('object_id', None), ('description', None), ('comment', None), ('check_sum', None)])",
files/vial_audit/AuditTrail0_20180206_084254_SPAMI-PC.1.csv,2,unconverted data remains:  AM,"OrderedDict([('record_id', '0'), ('time_stamp', '2/6/2018 9:42:54 AM'), ('delta_to_utc', '-1:00'), ('user_id', 'System'), ('object_id', 'Application'), ('description', ""New log file during run of WinCC Runtime Advanced V13.00 + SP01 HF9 on HMI device SPAMI-PC. Project: 'PSP511701V20.LKD - 0' Build 378, created with WinCC Advanced V13 SP2.""), ('comment', ''), ('check_sum', 'GZCDB7')])"
files/vial_audit/AuditTrail0_20180206_084254_SPAMI-PC.1.csv,3,unconverted data remains:  AM,"OrderedDict([('record_id', '58535'), ('time_stamp', '2/6/2018 9:42:54 AM'), ('delta_to_utc', '-1:00'), ('user_id', 'System'), ('object_id', 'Logs'), ('description', 'Exporting a log.'), ('comment', ''), ('check_sum', '1J2uHs')])"
files/vial_audit/AuditTrail0_20180206_084254_SPAMI-PC.1.csv,4,unconverted data remains:  AM,"OrderedDict([('record_id', '0'), ('time_stamp', '2/6/2018 9:42:54 AM'), ('delta_to_utc', '-1:00'), ('user_id', 'System'), ('object_id', 'Logs'), ('description', 'Log files closed.'), ('comment', ''), ('check_sum', 'hmPGCc')])"
files/vial_audit/AuditTrail0_20180131_134331_SPAMI-PC.csv,ALL,'utf-8' codec can't decode byte 0x80 in position 1637: invalid start byte,
files/vial_audit/AuditTrail0_20180131_143909_SPAMI-PC.csv,ALL,'utf-8' codec can't decode byte 0x80 in position 1299: invalid start byte,
files/vial_audit/AuditTrail0_20180131_143557_SPAMI-PC.csv,ALL,'utf-8' codec can't decode byte 0x80 in position 328: invalid start byte,
files/vial_audit/AuditTrail0_20180131_142539_SPAMI-PC.csv,ALL,'utf-8' codec can't decode byte 0x81 in position 1607: invalid start byte,
files/vial_audit/AuditTrail0_20180207_091433_SPAMI-PC.csv,ALL,"OrderedDict([('record_id', '\x0c'), ('time_stamp', None), ('delta_to_utc', None), ('user_id', None), ('object_id', None), ('description', None), ('comment', None), ('check_sum', None)])",
files/vial_audit/AuditTrail0_20180205_071634_SPAMI-PC.csv,ALL,"OrderedDict([('record_id', '\x0e\x0f'), ('time_stamp', None), ('delta_to_utc', None), ('user_id', None), ('object_id', None), ('description', None), ('comment', None), ('check_sum', None)])",
files/vial_audit/AuditTrail0_20180201_085428_SPAMI-PC.1.csv,2,unconverted data remains:  AM,"OrderedDict([('record_id', '0'), ('time_stamp', '2/1/2018 9:54:28 AM'), ('delta_to_utc', '-1:00'), ('user_id', 'System'), ('object_id', 'Application'), ('description', ""New log file during run of WinCC Runtime Advanced V13.00 + SP01 HF9 on HMI device SPAMI-PC. Project: 'PSP511701V17.LKD - 0' Build 313, created with WinCC Advanced V13 SP2.""), ('comment', ''), ('check_sum', 'HVaxl9')])"
files/vial_audit/AuditTrail0_20180201_085428_SPAMI-PC.1.csv,3,unconverted data remains:  AM,"OrderedDict([('record_id', '56330'), ('time_stamp', '2/1/2018 9:54:28 AM'), ('delta_to_utc', '-1:00'), ('user_id', 'System'), ('object_id', 'Logs'), ('description', 'Exporting a log.'), ('comment', ''), ('check_sum', 'z1hAAc')])"
files/vial_audit/AuditTrail0_20180201_085428_SPAMI-PC.1.csv,4,unconverted data remains:  AM,"OrderedDict([('record_id', '0'), ('time_stamp', '2/1/2018 9:54:28 AM'), ('delta_to_utc', '-1:00'), ('user_id', 'System'), ('object_id', 'Logs'), ('description', 'Log files closed.'), ('comment', ''), ('check_sum', 'x8ogW/')])"
files/vial_audit/AuditTrail0_20180131_143948_SPAMI-PC.1.csv,2,time data '1/31/2018 3:39:48 PM' does not match format '%d/%m/%Y %H:%M:%S',"OrderedDict([('record_id', '0'), ('time_stamp', '1/31/2018 3:39:48 PM'), ('delta_to_utc', '-1:00'), ('user_id', 'System'), ('object_id', 'Application'), ('description', ""New log file during run of WinCC Runtime Advanced V13.00 + SP01 HF9 on HMI device SPAMI-PC. Project: 'PSP511701V16.LKD - 0' Build 230, created with WinCC Advanced V13 SP2.""), ('comment', ''), ('check_sum', 'SbtaX0')])"
files/vial_audit/AuditTrail0_20180131_143948_SPAMI-PC.1.csv,3,time data '1/31/2018 3:39:48 PM' does not match format '%d/%m/%Y %H:%M:%S',"OrderedDict([('record_id', '55901'), ('time_stamp', '1/31/2018 3:39:48 PM'), ('delta_to_utc', '-1:00'), ('user_id', 'System'), ('object_id', 'Logs'), ('description', 'Exporting a log.'), ('comment', ''), ('check_sum', 'v0fCT5')])"
files/vial_audit/AuditTrail0_20180131_143948_SPAMI-PC.1.csv,4,time data '1/31/2018 3:39:48 PM' does not match format '%d/%m/%Y %H:%M:%S',"OrderedDict([('record_id', '0'), ('time_stamp', '1/31/2018 3:39:48 PM'), ('delta_to_utc', '-1:00'), ('user_id', 'System'), ('object_id', 'Logs'), ('description', 'Log files closed.'), ('comment', ''), ('check_sum', 'D6RrRj')])"
files/vial_audit/AuditTrail0_20180202_103835_SPAMI-PC.csv,ALL,"OrderedDict([('record_id', '\x0e\x0e\x0f\x0e\x0e\x0e\x0f\x0e\x0f'), ('time_stamp', None), ('delta_to_utc', None), ('user_id', None), ('object_id', None), ('description', None), ('comment', None), ('check_sum', None)])",
files/vial_audit/AuditTrail0_20180114_001120_SPAMI-PC.csv,ALL,'utf-8' codec can't decode byte 0x82 in position 1253: invalid start byte,
files/vial_audit/AuditTrail0_20180131_144557_SPAMI-PC.csv,ALL,"OrderedDict([('record_id', '\x0e\x0e\x0e\x0e\x0e\x0c\x0e\x0e'), ('time_stamp', None), ('delta_to_utc', None), ('user_id', None), ('object_id', None), ('description', None), ('comment', None), ('check_sum', None)])",
files/vial_audit/AuditTrail0_20180206_154204_SPAMI-PC.csv,ALL,"OrderedDict([('record_id', '\x0e\x0f\x0f\x11\x10\x10\x12\x11\x10\x12\x11\x11\x12\x0f\x10\x0f\x11\x10\x0f\x0f\x0f\x10\x0f'), ('time_stamp', None), ('delta_to_utc', None), ('user_id', None), ('object_id', None), ('description', None), ('comment', None), ('check_sum', None)])",
files/vial_audit/AuditTrail0_20180207_091217_SPAMI-PC.csv,ALL,"OrderedDict([('record_id', '\x0e\x0f\x0f\x0f\x0e'), ('time_stamp', None), ('delta_to_utc', None), ('user_id', None), ('object_id', None), ('description', None), ('comment', None), ('check_sum', None)])",
files/vial_audit/AuditTrail0_20180202_081632_SPAMI-PC.csv,ALL,"OrderedDict([('record_id', '\x0f\x0f\x10\x12\x13\x12\x10\x11\x0f\x10\x0e\x0e\x0e\x0f\x0e\x0e\x0f\x0f\x0f'), ('time_stamp', None), ('delta_to_utc', None), ('user_id', None), ('object_id', None), ('description', None), ('comment', None), ('check_sum', None)])",
files/vial_audit/AuditTrail0_20180206_154255_SPAMI-PC.1.csv,2,unconverted data remains:  PM,"OrderedDict([('record_id', '0'), ('time_stamp', '2/6/2018 4:42:55 PM'), ('delta_to_utc', '-1:00'), ('user_id', 'System'), ('object_id', 'Application'), ('description', ""New log file during run of WinCC Runtime Advanced V13.00 + SP01 HF9 on HMI device SPAMI-PC. Project: 'PSP511701V21.LKD - 0' Build 400, created with WinCC Advanced V13 SP2.""), ('comment', ''), ('check_sum', 'pUANvy')])"
files/vial_audit/AuditTrail0_20180206_154255_SPAMI-PC.1.csv,3,unconverted data remains:  PM,"OrderedDict([('record_id', '59537'), ('time_stamp', '2/6/2018 4:42:55 PM'), ('delta_to_utc', '-1:00'), ('user_id', 'System'), ('object_id', 'Logs'), ('description', 'Exporting a log.'), ('comment', ''), ('check_sum', 'yiWOZ9')])"
files/vial_audit/AuditTrail0_20180206_154255_SPAMI-PC.1.csv,4,unconverted data remains:  PM,"OrderedDict([('record_id', '0'), ('time_stamp', '2/6/2018 4:42:55 PM'), ('delta_to_utc', '-1:00'), ('user_id', 'System'), ('object_id', 'Logs'), ('description', 'Log files closed.'), ('comment', ''), ('check_sum', 'gPaqle')])"
files/vial_audit/AuditTrail0_20180131_135218_SPAMI-PC.1.csv,2,time data '1/31/2018 2:52:18 PM' does not match format '%d/%m/%Y %H:%M:%S',"OrderedDict([('record_id', '0'), ('time_stamp', '1/31/2018 2:52:18 PM'), ('delta_to_utc', '-1:00'), ('user_id', 'System'), ('object_id', 'Application'), ('description', ""New log file during run of WinCC Runtime Advanced V13.00 + SP01 HF9 on HMI device SPAMI-PC. Project: 'PSP511701V18.LKD - 0' Build 329, created with WinCC Advanced V13 SP2.""), ('comment', ''), ('check_sum', 'xmrE4n')])"
files/vial_audit/AuditTrail0_20180131_135218_SPAMI-PC.1.csv,3,time data '1/31/2018 2:52:18 PM' does not match format '%d/%m/%Y %H:%M:%S',"OrderedDict([('record_id', '55639'), ('time_stamp', '1/31/2018 2:52:18 PM'), ('delta_to_utc', '-1:00'), ('user_id', 'System'), ('object_id', 'Logs'), ('description', 'Exporting a log.'), ('comment', ''), ('check_sum', 'hKWe1w')])"
files/vial_audit/AuditTrail0_20180131_135218_SPAMI-PC.1.csv,4,time data '1/31/2018 2:52:18 PM' does not match format '%d/%m/%Y %H:%M:%S',"OrderedDict([('record_id', '0'), ('time_stamp', '1/31/2018 2:52:18 PM'), ('delta_to_utc', '-1:00'), ('user_id', 'System'), ('object_id', 'Logs'), ('description', 'Log files closed.'), ('comment', ''), ('check_sum', 'Cj3YEn')])"
files/vial_audit/AuditTrail0_20180131_135218_SPAMI-PC.csv,ALL,"OrderedDict([('record_id', '\x0f\x0e\x0e\x0e\x0f\x0e\x0e\x0e\x0f\x0e\x0f\x0e\x0e\x0e\x0f\x10\x12\x11\x11\x13\x18\x14\x12\x10\x10\x11'), ('time_stamp', None), ('delta_to_utc', None), ('user_id', None), ('object_id', None), ('description', None), ('comment', None), ('check_sum', None)])",
files/vial_audit/AuditTrail0_20180131_152420_SPAMI-PC.csv,ALL,"OrderedDict([('record_id', '\x0e\x0c\x0c\x0e\x0e\x0e'), ('time_stamp', None), ('delta_to_utc', None), ('user_id', None), ('object_id', None), ('description', None), ('comment', None), ('check_sum', None)])",
files/vial_audit/AuditTrail0_20180131_145702_SPAMI-PC.csv,ALL,'utf-8' codec can't decode byte 0x81 in position 896: invalid start byte,
files/vial_audit/AuditTrail0_20180206_154220_SPAMI-PC.csv,ALL,"OrderedDict([('record_id', '\x11\x0f\x0f\x0e\x0e\x0c'), ('time_stamp', None), ('delta_to_utc', None), ('user_id', None), ('object_id', None), ('description', None), ('comment', None), ('check_sum', None)])",
files/vial_audit/AuditTrail0_20180206_105256_SPAMI-PC.csv,ALL,"OrderedDict([('record_id', '\x0f\x0e\x0c\x0e\x0c\x0c'), ('time_stamp', None), ('delta_to_utc', None), ('user_id', None), ('object_id', None), ('description', None), ('comment', None), ('check_sum', None)])",
files/vial_audit/AuditTrail0_20180206_085241_SPAMI-PC.1.csv,2,unconverted data remains:  AM,"OrderedDict([('record_id', '0'), ('time_stamp', '2/6/2018 9:52:41 AM'), ('delta_to_utc', '-1:00'), ('user_id', 'System'), ('object_id', 'Application'), ('description', ""New log file during run of WinCC Runtime Advanced V13.00 + SP01 HF9 on HMI device SPAMI-PC. Project: 'PSP511701V20.LKD - 0' Build 378, created with WinCC Advanced V13 SP2.""), ('comment', ''), ('check_sum', 'KlmMVI')])"
files/vial_audit/AuditTrail0_20180206_085241_SPAMI-PC.1.csv,3,unconverted data remains:  AM,"OrderedDict([('record_id', '58556'), ('time_stamp', '2/6/2018 9:52:41 AM'), ('delta_to_utc', '-1:00'), ('user_id', 'System'), ('object_id', 'Logs'), ('description', 'Exporting a log.'), ('comment', ''), ('check_sum', 'wVFJRK')])"
files/vial_audit/AuditTrail0_20180206_085241_SPAMI-PC.1.csv,4,unconverted data remains:  AM,"OrderedDict([('record_id', '0'), ('time_stamp', '2/6/2018 9:52:41 AM'), ('delta_to_utc', '-1:00'), ('user_id', 'System'), ('object_id', 'Logs'), ('description', 'Log files closed.'), ('comment', ''), ('check_sum', 'dcBoo9')])"
files/vial_audit/AuditTrail0_20180205_095007_SPAMI-PC.csv,ALL,"OrderedDict([('record_id', '\x0c\x0e\x0e\x0e\x0e\x0e\x0f\x10\x0f\x11\x11\x15\x18\x16\x13\x11\x10\x10\x0e\x10\x10\x10\x12\x0f\x11\x10\x10\x0f\x10\x10\x10\x12\x10\x0e\x0f\x10\x0e\x0c'), ('time_stamp', None), ('delta_to_utc', None), ('user_id', None), ('object_id', None), ('description', None), ('comment', None), ('check_sum', None)])",
files/vial_audit/AuditTrail0_20180206_141954_SPAMI-PC.csv,ALL,"OrderedDict([('record_id', '\x0e\x0e\x10\x0e\x0e\x10\x0f\x13\x0e\x0f\x10'), ('time_stamp', None), ('delta_to_utc', None), ('user_id', None), ('object_id', None), ('description', None), ('comment', None), ('check_sum', None)])",
files/vial_audit/AuditTrail0_20180207_090842_SPAMI-PC.csv,ALL,"OrderedDict([('record_id', '\x0f\x0f\x0e\x0f\x0e\x0e'), ('time_stamp', None), ('delta_to_utc', None), ('user_id', None), ('object_id', None), ('description', None), ('comment', None), ('check_sum', None)])",
files/vial_audit/AuditTrail0_20180131_143948_SPAMI-PC.csv,ALL,'utf-8' codec can't decode byte 0x81 in position 784: invalid start byte,
files/vial_audit/AuditTrail0_20180206_085241_SPAMI-PC.csv,ALL,"OrderedDict([('record_id', '\x0c'), ('time_stamp', None), ('delta_to_utc', None), ('user_id', None), ('object_id', None), ('description', None), ('comment', None), ('check_sum', None)])",
files/vial_audit/AuditTrail0_20180205_135414_SPAMI-PC.csv,ALL,"OrderedDict([('record_id', '\x0e\x0f\x0f\x0e\x0e\x0f'), ('time_stamp', None), ('delta_to_utc', None), ('user_id', None), ('object_id', None), ('description', None), ('comment', None), ('check_sum', None)])",
files/vial_audit/AuditTrail0_20180207_074722_SPAMI-PC.1.csv,2,unconverted data remains:  AM,"OrderedDict([('record_id', '0'), ('time_stamp', '2/7/2018 8:47:22 AM'), ('delta_to_utc', '-1:00'), ('user_id', 'System'), ('object_id', 'Application'), ('description', ""New log file during run of WinCC Runtime Advanced V13.00 + SP01 HF9 on HMI device SPAMI-PC. Project: 'PSP511701V21.LKD - 0' Build 400, created with WinCC Advanced V13 SP2.""), ('comment', ''), ('check_sum', 'DjfeUH')])"
files/vial_audit/AuditTrail0_20180207_074722_SPAMI-PC.1.csv,3,unconverted data remains:  AM,"OrderedDict([('record_id', '59619'), ('time_stamp', '2/7/2018 8:47:22 AM'), ('delta_to_utc', '-1:00'), ('user_id', 'System'), ('object_id', 'Logs'), ('description', 'Exporting a log.'), ('comment', ''), ('check_sum', 'Rd6V88')])"
files/vial_audit/AuditTrail0_20180207_074722_SPAMI-PC.1.csv,4,unconverted data remains:  AM,"OrderedDict([('record_id', '0'), ('time_stamp', '2/7/2018 8:47:22 AM'), ('delta_to_utc', '-1:00'), ('user_id', 'System'), ('object_id', 'Logs'), ('description', 'Log files closed.'), ('comment', ''), ('check_sum', 'KERV+v')])"
files/vial_audit/AuditTrail0_20180131_142856_SPAMI-PC.csv,ALL,"OrderedDict([('record_id', '\x0f\x0f\x10\x0f'), ('time_stamp', None), ('delta_to_utc', None), ('user_id', None), ('object_id', None), ('description', None), ('comment', None), ('check_sum', None)])",
files/vial_audit/AuditTrail0_20180206_123614_SPAMI-PC.csv,ALL,"OrderedDict([('record_id', '\x0e\x0e'), ('time_stamp', None), ('delta_to_utc', None), ('user_id', None), ('object_id', None), ('description', None), ('comment', None), ('check_sum', None)])",
files/vial_audit/AuditTrail0_20180202_145835_SPAMI-PC.csv,ALL,"OrderedDict([('record_id', '\x0e'), ('time_stamp', None), ('delta_to_utc', None), ('user_id', None), ('object_id', None), ('description', None), ('comment', None), ('check_sum', None)])",
files/vial_audit/AuditTrail0_20180206_105448_SPAMI-PC.csv,ALL,"OrderedDict([('record_id', '\x0c'), ('time_stamp', None), ('delta_to_utc', None), ('user_id', None), ('object_id', None), ('description', None), ('comment', None), ('check_sum', None)])",
files/vial_audit/AuditTrail0_20180201_085428_SPAMI-PC.csv,ALL,"OrderedDict([('record_id', '\x0f\x0f\x0f\x12\x16\x0f\x11\x11\x11\x13\x10\x10\x10\x0e\x0f\x0e\x0e\x11\x11\x12\x11\x10\x0e\x0f\x0e'), ('time_stamp', None), ('delta_to_utc', None), ('user_id', None), ('object_id', None), ('description', None), ('comment', None), ('check_sum', None)])",
files/vial_audit/AuditTrail0_20180206_142306_SPAMI-PC.1.csv,2,unconverted data remains:  PM,"OrderedDict([('record_id', '0'), ('time_stamp', '2/6/2018 3:23:06 PM'), ('delta_to_utc', '-1:00'), ('user_id', 'System'), ('object_id', 'Application'), ('description', ""New log file during run of WinCC Runtime Advanced V13.00 + SP01 HF9 on HMI device SPAMI-PC. Project: 'PSP511701V20.LKD - 0' Build 378, created with WinCC Advanced V13 SP2.""), ('comment', ''), ('check_sum', 'tSyPhq')])"
files/vial_audit/AuditTrail0_20180206_142306_SPAMI-PC.1.csv,3,unconverted data remains:  PM,"OrderedDict([('record_id', '59241'), ('time_stamp', '2/6/2018 3:23:06 PM'), ('delta_to_utc', '-1:00'), ('user_id', 'System'), ('object_id', 'Logs'), ('description', 'Exporting a log.'), ('comment', ''), ('check_sum', 'S0bDfI')])"
files/vial_audit/AuditTrail0_20180206_142306_SPAMI-PC.1.csv,4,unconverted data remains:  PM,"OrderedDict([('record_id', '0'), ('time_stamp', '2/6/2018 3:23:06 PM'), ('delta_to_utc', '-1:00'), ('user_id', 'System'), ('object_id', 'Logs'), ('description', 'Log files closed.'), ('comment', ''), ('check_sum', 'wORiGD')])"
files/vial_audit/AuditTrail0_20180131_143756_SPAMI-PC.csv,ALL,"OrderedDict([('record_id', '\x0f\x11\x10\x13\x13\x12\x13\x10\x0f\x0e\x0e\x0c'), ('time_stamp', None), ('delta_to_utc', None), ('user_id', None), ('object_id', None), ('description', None), ('comment', None), ('check_sum', None)])",
files/vial_audit/AuditTrail0_20180111_092949_SPAMI-PC.csv,ALL,'utf-8' codec can't decode byte 0x84 in position 359: invalid start byte,
files/vial_audit/AuditTrail0_20180131_143905_SPAMI-PC.csv,ALL,'utf-8' codec can't decode byte 0x83 in position 1550: invalid start byte,
files/vial_audit/AuditTrail0_20180207_092323_SPAMI-PC.csv,ALL,line contains NUL,
files/vial_audit/AuditTrail0_20180206_085806_SPAMI-PC.csv,ALL,"OrderedDict([('record_id', '\x0c\x0c\x0e'), ('time_stamp', None), ('delta_to_utc', None), ('user_id', None), ('object_id', None), ('description', None), ('comment', None), ('check_sum', None)])",
files/vial_audit/AuditTrail0_20180205_113811_SPAMI-PC.csv,ALL,"OrderedDict([('record_id', '\x0e'), ('time_stamp', None), ('delta_to_utc', None), ('user_id', None), ('object_id', None), ('description', None), ('comment', None), ('check_sum', None)])",
files/vial_audit/AuditTrail0_20180205_094925_SPAMI-PC.csv,ALL,line contains NUL,
files/vial_audit/AuditTrail0_20180206_111122_SPAMI-PC.csv,2,unconverted data remains:  PM,"OrderedDict([('record_id', '0'), ('time_stamp', '2/6/2018 12:11:21 PM'), ('delta_to_utc', '-1:00'), ('user_id', 'System'), ('object_id', 'Application'), ('description', ""New log file during run of WinCC Runtime Advanced V13.00 + SP01 HF9 on HMI device SPAMI-PC. Project: 'PSP511701V20.LKD - 0' Build 378, created with WinCC Advanced V13 SP2.""), ('comment', ''), ('check_sum', 'O52l0b')])"
files/vial_audit/AuditTrail0_20180206_111122_SPAMI-PC.csv,3,unconverted data remains:  PM,"OrderedDict([('record_id', '58944'), ('time_stamp', '2/6/2018 12:11:21 PM'), ('delta_to_utc', '-1:00'), ('user_id', 'System'), ('object_id', 'Logs'), ('description', 'Exporting a log.'), ('comment', ''), ('check_sum', '/oKBTE')])"
files/vial_audit/AuditTrail0_20180206_111122_SPAMI-PC.csv,4,unconverted data remains:  PM,"OrderedDict([('record_id', '0'), ('time_stamp', '2/6/2018 12:11:22 PM'), ('delta_to_utc', '-1:00'), ('user_id', 'System'), ('object_id', 'Logs'), ('description', 'Log files closed.'), ('comment', ''), ('check_sum', 'i2W+xU')])"
files/vial_audit/AuditTrail0_20180206_162340_SPAMI-PC.csv,ALL,line contains NUL,
files/vial_audit/AuditTrail0_20180206_084254_SPAMI-PC.csv,ALL,"OrderedDict([('record_id', '\x0e\x0e'), ('time_stamp', None), ('delta_to_utc', None), ('user_id', None), ('object_id', None), ('description', None), ('comment', None), ('check_sum', None)])",
files/vial_audit/AuditTrail0_20180131_140223_SPAMI-PC.csv,ALL,"OrderedDict([('record_id', '\x0e\x0e\x0e\x10\x10\x11\x10\x12\x10\x11\x11\x11\x12\x14\x14\x12\x12\x13\x12\x11\x13\x12\x0f\x0f'), ('time_stamp', None), ('delta_to_utc', None), ('user_id', None), ('object_id', None), ('description', None), ('comment', None), ('check_sum', None)])",
files/vial_audit/AuditTrail0_20180205_113142_SPAMI-PC.csv,ALL,"OrderedDict([('record_id', '\x0f\x0e\x10\x0f\x10\x11\x14\x13\x14\x14\x15\x14\x15\x15\x11\x10\x11\x10\x11\x10\x10\x10\x10\x11\x12\x10\x10\x10\x0e\x0f'), ('time_stamp', None), ('delta_to_utc', None), ('user_id', None), ('object_id', None), ('description', None), ('comment', None), ('check_sum', None)])",
files/vial_audit/AuditTrail0_20180201_082112_SPAMI-PC.csv,ALL,"OrderedDict([('record_id', '\x0e\x0c\x0c\x0c\x0c'), ('time_stamp', None), ('delta_to_utc', None), ('user_id', None), ('object_id', None), ('description', None), ('comment', None), ('check_sum', None)])",
files/vial_audit/AuditTrail0_20180205_130644_SPAMI-PC.csv,ALL,"OrderedDict([('record_id', '\x0e\x10\x11\x0e\x0e'), ('time_stamp', None), ('delta_to_utc', None), ('user_id', None), ('object_id', None), ('description', None), ('comment', None), ('check_sum', None)])",
files/vial_audit/AuditTrail0_20180206_102920_SPAMI-PC.csv,ALL,"OrderedDict([('record_id', '\x0c\x0e\x0e'), ('time_stamp', None), ('delta_to_utc', None), ('user_id', None), ('object_id', None), ('description', None), ('comment', None), ('check_sum', None)])",
files/vial_audit/AuditTrail0_20180131_135453_SPAMI-PC.1.csv,2,time data '1/31/2018 2:54:53 PM' does not match format '%d/%m/%Y %H:%M:%S',"OrderedDict([('record_id', '0'), ('time_stamp', '1/31/2018 2:54:53 PM'), ('delta_to_utc', '-1:00'), ('user_id', 'System'), ('object_id', 'Application'), ('description', ""New log file during run of WinCC Runtime Advanced V13.00 + SP01 HF9 on HMI device SPAMI-PC. Project: 'PSP511701V18.LKD - 0' Build 329, created with WinCC Advanced V13 SP2.""), ('comment', ''), ('check_sum', 'YArNoY')])"
files/vial_audit/AuditTrail0_20180131_135453_SPAMI-PC.1.csv,3,time data '1/31/2018 2:54:53 PM' does not match format '%d/%m/%Y %H:%M:%S',"OrderedDict([('record_id', '55659'), ('time_stamp', '1/31/2018 2:54:53 PM'), ('delta_to_utc', '-1:00'), ('user_id', 'System'), ('object_id', 'Logs'), ('description', 'Exporting a log.'), ('comment', ''), ('check_sum', 'sMeHYP')])"
files/vial_audit/AuditTrail0_20180131_135453_SPAMI-PC.1.csv,4,time data '1/31/2018 2:54:53 PM' does not match format '%d/%m/%Y %H:%M:%S',"OrderedDict([('record_id', '0'), ('time_stamp', '1/31/2018 2:54:53 PM'), ('delta_to_utc', '-1:00'), ('user_id', 'System'), ('object_id', 'Logs'), ('description', 'Log files closed.'), ('comment', ''), ('check_sum', '8VJvrS')])"
files/vial_audit/AuditTrail0_20180131_135453_SPAMI-PC.csv,ALL,"OrderedDict([('record_id', '\x0e\x0e\x0f\x0e\x0f\x12\x11\x11\x11\x12\x11\x13\x11\x10\x0f\x11\x0f'), ('time_stamp', None), ('delta_to_utc', None), ('user_id', None), ('object_id', None), ('description', None), ('comment', None), ('check_sum', None)])",
files/vial_audit/AuditTrail0_20180131_142543_SPAMI-PC.csv,ALL,'utf-8' codec can't decode byte 0x80 in position 1351: invalid start byte,
files/vial_audit/AuditTrail0_20180206_155210_SPAMI-PC.csv,ALL,"OrderedDict([('record_id', '\x0b\x0b\x0b'), ('time_stamp', None), ('delta_to_utc', None), ('user_id', None), ('object_id', None), ('description', None), ('comment', None), ('check_sum', None)])",
files/vial_audit/AuditTrail0_20180206_110336_SPAMI-PC.csv,ALL,line contains NUL,
files/vial_audit/AuditTrail0_20180202_072318_SPAMI-PC.1.csv,2,unconverted data remains:  AM,"OrderedDict([('record_id', '0'), ('time_stamp', '2/2/2018 8:23:18 AM'), ('delta_to_utc', '-1:00'), ('user_id', 'System'), ('object_id', 'Application'), ('description', ""New log file during run of WinCC Runtime Advanced V13.00 + SP01 HF9 on HMI device SPAMI-PC. Project: 'PSP511701V19.LKD - 0' Build 349, created with WinCC Advanced V13 SP2.""), ('comment', ''), ('check_sum', '9SrCbC')])"
files/vial_audit/AuditTrail0_20180202_072318_SPAMI-PC.1.csv,3,unconverted data remains:  AM,"OrderedDict([('record_id', '56727'), ('time_stamp', '2/2/2018 8:23:18 AM'), ('delta_to_utc', '-1:00'), ('user_id', 'System'), ('object_id', 'Logs'), ('description', 'Exporting a log.'), ('comment', ''), ('check_sum', 'U4UihF')])"
files/vial_audit/AuditTrail0_20180202_072318_SPAMI-PC.1.csv,4,unconverted data remains:  AM,"OrderedDict([('record_id', '0'), ('time_stamp', '2/2/2018 8:23:18 AM'), ('delta_to_utc', '-1:00'), ('user_id', 'System'), ('object_id', 'Logs'), ('description', 'Log files closed.'), ('comment', ''), ('check_sum', 'kSe82o')])"
files/vial_audit/AuditTrail0_20180205_095407_SPAMI-PC.csv,ALL,"OrderedDict([('record_id', '\x0e\x0c\x0f\x0f\x0e\x10\x0e\x0f\x10\x14\x19\x15\x10\x0f\x10\x0f\x12\x11\x12\x12\x13\x11\x0f\x0f\x0f\x0f\x10\x10\x11\x10\x0e\x0f\x0e\x0e\x0e'), ('time_stamp', None), ('delta_to_utc', None), ('user_id', None), ('object_id', None), ('description', None), ('comment', None), ('check_sum', None)])",
files/vial_audit/AuditTrail0_20180202_072053_SPAMI-PC.1.csv,2,unconverted data remains:  AM,"OrderedDict([('record_id', '0'), ('time_stamp', '2/2/2018 8:20:53 AM'), ('delta_to_utc', '-1:00'), ('user_id', 'System'), ('object_id', 'Application'), ('description', ""New log file during run of WinCC Runtime Advanced V13.00 + SP01 HF9 on HMI device SPAMI-PC. Project: 'PSP511701V19.LKD - 0' Build 349, created with WinCC Advanced V13 SP2.""), ('comment', ''), ('check_sum', 'ZQp9xE')])"
files/vial_audit/AuditTrail0_20180202_072053_SPAMI-PC.1.csv,3,unconverted data remains:  AM,"OrderedDict([('record_id', '56693'), ('time_stamp', '2/2/2018 8:20:53 AM'), ('delta_to_utc', '-1:00'), ('user_id', 'System'), ('object_id', 'Logs'), ('description', 'Exporting a log.'), ('comment', ''), ('check_sum', '4+Oxqa')])"
files/vial_audit/AuditTrail0_20180202_072053_SPAMI-PC.1.csv,4,unconverted data remains:  AM,"OrderedDict([('record_id', '0'), ('time_stamp', '2/2/2018 8:20:53 AM'), ('delta_to_utc', '-1:00'), ('user_id', 'System'), ('object_id', 'Logs'), ('description', 'Log files closed.'), ('comment', ''), ('check_sum', 'xOpORx')])"
files/vial_audit/AuditTrail0_20180206_071410_SPAMI-PC.csv,ALL,"OrderedDict([('record_id', '\x0f\x0f\x11\x14\x13\x12\x11\x11\x10\x10\x0e\x0f\x0f\x11\x10\x0e\x14\x1a\x18\x13\x11\x10\x10\x0f'), ('time_stamp', None), ('delta_to_utc', None), ('user_id', None), ('object_id', None), ('description', None), ('comment', None), ('check_sum', None)])",
files/vial_audit/AuditTrail0_20180202_072318_SPAMI-PC.csv,ALL,"OrderedDict([('record_id', '\x0f\x0f\x0f'), ('time_stamp', None), ('delta_to_utc', None), ('user_id', None), ('object_id', None), ('description', None), ('comment', None), ('check_sum', None)])",
files/vial_audit/AuditTrail0_20180206_123615_SPAMI-PC.csv,2,unconverted data remains:  PM,"OrderedDict([('record_id', '0'), ('time_stamp', '2/6/2018 1:36:14 PM'), ('delta_to_utc', '-1:00'), ('user_id', 'System'), ('object_id', 'Application'), ('description', ""New log file during run of WinCC Runtime Advanced V13.00 + SP01 HF9 on HMI device SPAMI-PC. Project: 'PSP511701V20.LKD - 0' Build 378, created with WinCC Advanced V13 SP2.""), ('comment', ''), ('check_sum', '0qwUUM')])"
files/vial_audit/AuditTrail0_20180206_123615_SPAMI-PC.csv,3,unconverted data remains:  PM,"OrderedDict([('record_id', '58957'), ('time_stamp', '2/6/2018 1:36:14 PM'), ('delta_to_utc', '-1:00'), ('user_id', 'System'), ('object_id', 'Logs'), ('description', 'Exporting a log.'), ('comment', ''), ('check_sum', 'PkDK3N')])"
files/vial_audit/AuditTrail0_20180206_123615_SPAMI-PC.csv,4,unconverted data remains:  PM,"OrderedDict([('record_id', '0'), ('time_stamp', '2/6/2018 1:36:15 PM'), ('delta_to_utc', '-1:00'), ('user_id', 'System'), ('object_id', 'Logs'), ('description', 'Log files closed.'), ('comment', ''), ('check_sum', 'GGExee')])"
files/vial_audit/AuditTrail0_20180202_145943_SPAMI-PC.csv,ALL,"OrderedDict([('record_id', '\x0e\x0e\x0f\x0e'), ('time_stamp', None), ('delta_to_utc', None), ('user_id', None), ('object_id', None), ('description', None), ('comment', None), ('check_sum', None)])",
files/vial_audit/AuditTrail0_20180131_150625_SPAMI-PC.csv,ALL,'utf-8' codec can't decode byte 0x80 in position 125: invalid start byte,
files/vial_audit/AuditTrail0_20180206_152302_SPAMI-PC.csv,ALL,line contains NUL,
files/vial_audit/AuditTrail0_20180206_090811_SPAMI-PC.1.csv,2,unconverted data remains:  AM,"OrderedDict([('record_id', '0'), ('time_stamp', '2/6/2018 10:08:11 AM'), ('delta_to_utc', '-1:00'), ('user_id', 'System'), ('object_id', 'Application'), ('description', ""New log file during run of WinCC Runtime Advanced V13.00 + SP01 HF9 on HMI device SPAMI-PC. Project: 'PSP511701V20.LKD - 0' Build 378, created with WinCC Advanced V13 SP2.""), ('comment', ''), ('check_sum', '1o6Hc2')])"
files/vial_audit/AuditTrail0_20180206_090811_SPAMI-PC.1.csv,3,unconverted data remains:  AM,"OrderedDict([('record_id', '58717'), ('time_stamp', '2/6/2018 10:08:11 AM'), ('delta_to_utc', '-1:00'), ('user_id', 'System'), ('object_id', 'Logs'), ('description', 'Exporting a log.'), ('comment', ''), ('check_sum', 'fTsFo2')])"
files/vial_audit/AuditTrail0_20180206_090811_SPAMI-PC.1.csv,4,unconverted data remains:  AM,"OrderedDict([('record_id', '0'), ('time_stamp', '2/6/2018 10:08:11 AM'), ('delta_to_utc', '-1:00'), ('user_id', 'System'), ('object_id', 'Logs'), ('description', 'Log files closed.'), ('comment', ''), ('check_sum', 'FLhS+C')])"
files/vial_audit/AuditTrail0_20180207_091326_SPAMI-PC.1.csv,2,unconverted data remains:  AM,"OrderedDict([('record_id', '0'), ('time_stamp', '2/7/2018 10:13:26 AM'), ('delta_to_utc', '-1:00'), ('user_id', 'System'), ('object_id', 'Application'), ('description', ""New log file during run of WinCC Runtime Advanced V13.00 + SP01 HF9 on HMI device SPAMI-PC. Project: 'PSP511701V21.LKD - 0' Build 400, created with WinCC Advanced V13 SP2.""), ('comment', ''), ('check_sum', 'oKOFb/')])"
files/vial_audit/AuditTrail0_20180207_091326_SPAMI-PC.1.csv,3,unconverted data remains:  AM,"OrderedDict([('record_id', '59671'), ('time_stamp', '2/7/2018 10:13:26 AM'), ('delta_to_utc', '-1:00'), ('user_id', 'System'), ('object_id', 'Logs'), ('description', 'Exporting a log.'), ('comment', ''), ('check_sum', '0fdjEJ')])"
files/vial_audit/AuditTrail0_20180207_091326_SPAMI-PC.1.csv,4,unconverted data remains:  AM,"OrderedDict([('record_id', '0'), ('time_stamp', '2/7/2018 10:13:26 AM'), ('delta_to_utc', '-1:00'), ('user_id', 'System'), ('object_id', 'Logs'), ('description', 'Log files closed.'), ('comment', ''), ('check_sum', 'pt2VXY')])"
files/vial_audit/AuditTrail0_20180205_125956_SPAMI-PC.1.csv,2,unconverted data remains:  PM,"OrderedDict([('record_id', '0'), ('time_stamp', '2/5/2018 1:59:56 PM'), ('delta_to_utc', '-1:00'), ('user_id', 'System'), ('object_id', 'Application'), ('description', ""New log file during run of WinCC Runtime Advanced V13.00 + SP01 HF9 on HMI device SPAMI-PC. Project: 'PSP511701V20.LKD - 0' Build 378, created with WinCC Advanced V13 SP2.""), ('comment', ''), ('check_sum', 'TShCwk')])"
files/vial_audit/AuditTrail0_20180205_125956_SPAMI-PC.1.csv,3,unconverted data remains:  PM,"OrderedDict([('record_id', '58040'), ('time_stamp', '2/5/2018 1:59:56 PM'), ('delta_to_utc', '-1:00'), ('user_id', 'System'), ('object_id', 'Logs'), ('description', 'Exporting a log.'), ('comment', ''), ('check_sum', 'oATsIK')])"
files/vial_audit/AuditTrail0_20180205_125956_SPAMI-PC.1.csv,4,unconverted data remains:  PM,"OrderedDict([('record_id', '0'), ('time_stamp', '2/5/2018 1:59:56 PM'), ('delta_to_utc', '-1:00'), ('user_id', 'System'), ('object_id', 'Logs'), ('description', 'Log files closed.'), ('comment', ''), ('check_sum', 'ct0EYP')])"
files/vial_audit/AuditTrail0_20180201_083018_SPAMI-PC.csv,ALL,"OrderedDict([('record_id', '\x0c'), ('time_stamp', None), ('delta_to_utc', None), ('user_id', None), ('object_id', None), ('description', None), ('comment', None), ('check_sum', None)])",
files/vial_audit/AuditTrail0_20180206_154323_SPAMI-PC.1.csv,2,unconverted data remains:  PM,"OrderedDict([('record_id', '0'), ('time_stamp', '2/6/2018 4:43:23 PM'), ('delta_to_utc', '-1:00'), ('user_id', 'System'), ('object_id', 'Application'), ('description', ""New log file during run of WinCC Runtime Advanced V13.00 + SP01 HF9 on HMI device SPAMI-PC. Project: 'PSP511701V21.LKD - 0' Build 400, created with WinCC Advanced V13 SP2.""), ('comment', ''), ('check_sum', '4KMYmb')])"
files/vial_audit/AuditTrail0_20180206_154323_SPAMI-PC.1.csv,3,unconverted data remains:  PM,"OrderedDict([('record_id', '59545'), ('time_stamp', '2/6/2018 4:43:23 PM'), ('delta_to_utc', '-1:00'), ('user_id', 'System'), ('object_id', 'Logs'), ('description', 'Exporting a log.'), ('comment', ''), ('check_sum', 'kBbED5')])"
files/vial_audit/AuditTrail0_20180206_154323_SPAMI-PC.1.csv,4,unconverted data remains:  PM,"OrderedDict([('record_id', '0'), ('time_stamp', '2/6/2018 4:43:23 PM'), ('delta_to_utc', '-1:00'), ('user_id', 'System'), ('object_id', 'Logs'), ('description', 'Log files closed.'), ('comment', ''), ('check_sum', 'zzRZu+')])"
files/vial_audit/AuditTrail0_20180206_105717_SPAMI-PC.csv,ALL,"OrderedDict([('record_id', '\x0c'), ('time_stamp', None), ('delta_to_utc', None), ('user_id', None), ('object_id', None), ('description', None), ('comment', None), ('check_sum', None)])",
files/vial_audit/AuditTrail0_20180207_092323_SPAMI-PC.1.csv,2,unconverted data remains:  AM,"OrderedDict([('record_id', '0'), ('time_stamp', '2/7/2018 10:23:23 AM'), ('delta_to_utc', '-1:00'), ('user_id', 'System'), ('object_id', 'Application'), ('description', ""New log file during run of WinCC Runtime Advanced V13.00 + SP01 HF9 on HMI device SPAMI-PC. Project: 'PSP511701V21.LKD - 0' Build 400, created with WinCC Advanced V13 SP2.""), ('comment', ''), ('check_sum', 'YOAUNX')])"
files/vial_audit/AuditTrail0_20180207_092323_SPAMI-PC.1.csv,3,unconverted data remains:  AM,"OrderedDict([('record_id', '59722'), ('time_stamp', '2/7/2018 10:23:23 AM'), ('delta_to_utc', '-1:00'), ('user_id', 'System'), ('object_id', 'Logs'), ('description', 'Exporting a log.'), ('comment', ''), ('check_sum', 'nnKVjE')])"
files/vial_audit/AuditTrail0_20180207_092323_SPAMI-PC.1.csv,4,unconverted data remains:  AM,"OrderedDict([('record_id', '0'), ('time_stamp', '2/7/2018 10:23:23 AM'), ('delta_to_utc', '-1:00'), ('user_id', 'System'), ('object_id', 'Logs'), ('description', 'Log files closed.'), ('comment', ''), ('check_sum', 'P5aqaR')])"
files/vial_audit/AuditTrail0_20180131_140321_SPAMI-PC.1.csv,2,time data '1/31/2018 3:03:21 PM' does not match format '%d/%m/%Y %H:%M:%S',"OrderedDict([('record_id', '0'), ('time_stamp', '1/31/2018 3:03:21 PM'), ('delta_to_utc', '-1:00'), ('user_id', 'System'), ('object_id', 'Application'), ('description', ""New log file during run of WinCC Runtime Advanced V13.00 + SP01 HF9 on HMI device SPAMI-PC. Project: 'PSP511701V18.LKD - 0' Build 329, created with WinCC Advanced V13 SP2.""), ('comment', ''), ('check_sum', 'AHZwP6')])"
files/vial_audit/AuditTrail0_20180131_140321_SPAMI-PC.1.csv,3,time data '1/31/2018 3:03:21 PM' does not match format '%d/%m/%Y %H:%M:%S',"OrderedDict([('record_id', '55677'), ('time_stamp', '1/31/2018 3:03:21 PM'), ('delta_to_utc', '-1:00'), ('user_id', 'System'), ('object_id', 'Logs'), ('description', 'Exporting a log.'), ('comment', ''), ('check_sum', 'Kpl6K4')])"
files/vial_audit/AuditTrail0_20180131_140321_SPAMI-PC.1.csv,4,time data '1/31/2018 3:03:21 PM' does not match format '%d/%m/%Y %H:%M:%S',"OrderedDict([('record_id', '0'), ('time_stamp', '1/31/2018 3:03:21 PM'), ('delta_to_utc', '-1:00'), ('user_id', 'System'), ('object_id', 'Logs'), ('description', 'Log files closed.'), ('comment', ''), ('check_sum', 'PQDqNP')])"
files/vial_audit/AuditTrail0_20180206_072328_SPAMI-PC.csv,ALL,"OrderedDict([('record_id', '\x0c\x0c'), ('time_stamp', None), ('delta_to_utc', None), ('user_id', None), ('object_id', None), ('description', None), ('comment', None), ('check_sum', None)])",
files/vial_audit/AuditTrail0_20180207_070720_SPAMI-PC.csv,ALL,"OrderedDict([('record_id', '\x0f\x0f\x0e\x10\x11\x14\x15\x14\x11\x11\x10\x11\x11\x12\x12\x12\x0f\x0e\x10\x0f\x0f\x0e\x0f'), ('time_stamp', None), ('delta_to_utc', None), ('user_id', None), ('object_id', None), ('description', None), ('comment', None), ('check_sum', None)])",
files/vial_audit/AuditTrail0_20180131_141054_SPAMI-PC.csv,ALL,"OrderedDict([('record_id', '\x0e\x0f\x0e\x0f\x0f\x0e\x0e\x0f\x0f\x0f\x0f\x0f\x0f\x11\x0f\x10\x0f\x10\x0e\x0e\x0f\x10\x11\x0f\x10\x0f\x11\x10\x10\x12\x0f\x0e\x0f'), ('time_stamp', None), ('delta_to_utc', None), ('user_id', None), ('object_id', None), ('description', None), ('comment', None), ('check_sum', None)])",
files/vial_audit/AuditTrail0_20180131_145457_SPAMI-PC.csv,ALL,'utf-8' codec can't decode byte 0x80 in position 1158: invalid start byte,
files/vial_audit/AuditTrail0_20180205_152108_SPAMI-PC.csv,ALL,"OrderedDict([('record_id', '\x0c'), ('time_stamp', None), ('delta_to_utc', None), ('user_id', None), ('object_id', None), ('description', None), ('comment', None), ('check_sum', None)])",
files/vial_audit/AuditTrail0_20180202_072053_SPAMI-PC.csv,ALL,line contains NUL,
